,Plant Name,UniqueID_Final,ORIS Plant Code,Boiler/Generator/Committed Unit,Unit ID,CAMD Database UnitID,PlantType,Combustion Turbine/IC Engine,Region Name,State Name,State Code,County,County Code,FIPS5,Capacity (MW),Heat Rate (Btu/kWh),On Line Year,Retirement Year,Firing,Bottom,Cogen?,Modeled Fuels,Wet/DryScrubber,Scrubber_Online_Year,Scrubber Efficiency,NOx Comb Control,NOx Post-Comb Control,SCR_Online_Year,SNCR_Online_Year,PM Control,FlueGasConditioning_Flag,Mercury_Controls,ACI_Online_Year,Mercury_Controls Efficiency,SO2 Permit Rate (lbs/mmBtu),Mode 1 NOx Rate (lbs/mmBtu),Mode 2 NOx Rate (lbs/mmBtu),Mode 3 NOx Rate  (lbs/mmBtu),Mode 4 NOx Rate  (lbs/mmBtu),Hg EMF for BIT,Hg EMF for SUB,Hg EMF for LIG,HCL Removal,DSI Unit,DSI Online Year,CCS,CCS Removal,C2G,C2G Online Year,BART Affected Unit,FuelType,Plant Code_x,Latitude,Longitude,Plant Code_y,Generator ID,Nameplate Energy Capacity (MWh),Maximum Charge Rate (MW),Maximum Discharge Rate (MW),Technology,Efficiency,Minimum Energy Capacity (MWh),FuelPrice($/MMBtu),CO2EmRate(lb/MMBtu),geometry,index_right,OBJECTID,PCA_REG,Shape_Leng,Shape_Area,PCA_Code,RTO_Code,region,FuelType2,hrGroup,MinDownTime(hrs),RampRate(MW/hr),StartCost($),MinLoad(MWh),RandOpCostAdder($/MWh),FOM(2012$/MW/yr),VOM(2012$/MWh),OpCost($/MWh),RegOfferElig,RegOfferCost($/MW),FlexOfferElig,ContOfferElig,YearAddedCE,Retired,YearRetiredByCE,YearRetiredByAge,GAMS Symbol,DataSource,ATBTechnologyType,ThermalOrRenewableOrStorage,CAPEX(2012$/MW),NSPSCompliant,NOxEmRate(lb/MMBtu),SO2EmRate(lb/MMBtu),Lifetime(years),SO2 Scrubber,CoalType,ECAPEX(2012$/MWH),PlantCategory
88,Palo Verde,6008_G_1,6008,G,1,,Nuclear,,WECC_AZ,Arizona,4.0,Maricopa,13.0,4013.0,1311.0,10456.0,1986.0,2066.0,,,N,Nuclear Fuel,,,,,,,,,,,,,,0.0,0.0,0.0,0.0,,,,,,,,,,,,Nuclear Fuel,6008.0,33.3881,-112.8617,,,,,,,,,0.6559195578450814,0.0,POINT (-112.8617 33.3881),27.0,28.0,28.0,25.4962710756,19.9625115102,p28,rto3,AZ,Nuclear Fuel,,20,104.88,669198.7550022232,1179.9,0.0,93280.0,2.14,8.99829489682817,0,0.0,1,1,0,False,False,False,6008+1,,,,,,,,,,,,
89,Palo Verde,6008_G_2,6008,G,2,,Nuclear,,WECC_AZ,Arizona,4.0,Maricopa,13.0,4013.0,1314.0,10456.0,1986.0,2066.0,,,N,Nuclear Fuel,,,,,,,,,,,,,,0.0,0.0,0.0,0.0,,,,,,,,,,,,Nuclear Fuel,6008.0,33.3881,-112.8617,,,,,,,,,0.6559195578450814,0.0,POINT (-112.8617 33.3881),27.0,28.0,28.0,25.4962710756,19.9625115102,p28,rto3,AZ,Nuclear Fuel,,20,105.12,670730.1022676745,1182.6000000000001,0.0,93280.0,2.14,8.99829489682817,0,0.0,1,1,0,False,False,False,6008+2,,,,,,,,,,,,
90,Palo Verde,6008_G_3,6008,G,3,,Nuclear,,WECC_AZ,Arizona,4.0,Maricopa,13.0,4013.0,1312.0,10456.0,1988.0,2068.0,,,N,Nuclear Fuel,,,,,,,,,,,,,,0.0,0.0,0.0,0.0,,,,,,,,,,,,Nuclear Fuel,6008.0,33.3881,-112.8617,,,,,,,,,0.6559195578450814,0.0,POINT (-112.8617 33.3881),27.0,28.0,28.0,25.4962710756,19.9625115102,p28,rto3,AZ,Nuclear Fuel,,20,104.96000000000001,669709.204090707,1180.8,0.0,93280.0,2.14,8.99829489682817,0,0.0,1,1,0,False,False,False,6008+3,,,,,,,,,,,,
171,Eagle Valley Clean Energy LLC Biomass,58574_B_01,58574,B,01,,Biomass,,WECC_CO,Colorado,8.0,Eagle,37.0,8037.0,12.6,16131.0,2013.0,9999.0,,,N,Biomass,,,,FR + NH3,SNCR,,2013.0,ESPH + C,Yes,,,,,0.15272,0.15272,0.15272,0.15272,,,,,,,,,,,,Biomass,58574.0,39.648056,-106.943056,,,,,,,,,0.0,91.9,POINT (-106.943056 39.648056),32.0,33.0,33.0,20.7799157782,13.0007552137,p33,rto5,CO,Biomass,,4,12.6,1286.3317029791017,5.04,0.0,105630.0,5.26,5.26,0,0.0,1,1,0,False,False,False,58574+01,,,,,,,,,,,,
854,Redding Power,7307_G_6,7307,G,6,89746.0,Combined Cycle,,WEC_BANC,California,6.0,Shasta,89.0,6089.0,41.0,8622.0,2011.0,9999.0,,,N,Natural Gas,,,,other,SCR,,,,,,,,,0.00294,0.00294,0.00294,0.00294,,,,,,,,,,,,Natural Gas,7307.0,40.507292,-122.423281,,,,,,,,,3.6509190329230177,117.0,POINT (-122.423281 40.507292),8.0,9.0,9.0,45.2932178082,19.6629761024,p9,rto4,CA,Combined Cycle,"(8523.0, 11346.0]",4,26.199,4185.682525566918,16.400000000000002,0.0,13170.0,3.5999999999999996,35.07822390186226,1,0.0,1,1,0,False,False,False,7307+6,,,,,,,,,,,,
1022,Blacksand Generating Facility,56090_G_D190,56090,G,D190,,Fossil Waste,,WECC_SCE,California,6.0,Orange,59.0,6059.0,0.3,11724.0,2012.0,9999.0,,,N,Fossil Waste,,,,,,,,,,,,,,0.04795,0.04795,0.04795,0.04795,,,,,,,,,,,,Fossil Waste,56090.0,33.9328,-117.855,,,,,,,,,0.0,160.1,POINT (-117.855 33.9328),9.0,10.0,10.0,29.1722901383,16.6512953217,p10,rto4,CA,Fossil Waste,"(5124.999, 11724.0]",0,0.3,0.0,0.075,0.0,37800.0,4.47,4.47,0,0.0,1,1,0,False,False,False,56090+D190,,,,,,,,,,,,
1747,Veyo Heat Recovery Project,60421_G_WHR1,60421,G,WHR1,,Non-Fossil Waste,,WECC_UT,Utah,49.0,Washington,53.0,49053.0,8.4,7050.0,2016.0,9999.0,,,N,Non-Fossil Waste,,,,,,,,,,,,,,0.0,0.0,0.0,0.0,,,,,,,,,,,,Non-Fossil Waste,60421.0,37.348,-113.765,,,,,,,,,0.0,160.1,POINT (-113.765 37.348),24.0,25.0,25.0,22.1867344858,19.3243237465,p25,rto2,UT,Non-Fossil Waste,"(7049.999, 10323.0]",4,8.4,857.5544686527345,3.3600000000000003,0.0,105630.0,5.26,5.26,0,0.0,1,1,0,False,False,False,60421+WHR1,,,,,,,,,,,,
1926,Afton Generating Station,55210_G_0001,55210,G,0001,4144.0,Combined Cycle,,WECC_NM,New Mexico,35.0,Dona Ana,13.0,35013.0,141.0,8542.0,2002.0,9999.0,,,N,"Natural Gas, Distillate Fuel Oil",,,,DLNB + H2O,SCR,2007.0,,,,,,,0.001,0.02257,0.02257,0.02257,0.02257,,,,,,,,,,,,Natural Gas,55210.0,32.114185,-106.846483,,,,,,,,,3.6509190329230177,117.0,POINT (-106.846483 32.114185),30.0,31.0,31.0,25.2210451457,25.5131162869,p31,rto3,NM,Combined Cycle,"(8034.0, 8542.0]",4,44.838,14394.66429524233,56.400000000000006,0.0,13170.0,3.5999999999999996,34.78615037922842,1,0.0,1,1,0,False,False,False,55210+0001,,,,,,,,,,,,
1927,Afton Generating Station,55210_G_0002,55210,G,0002,,Combined Cycle,,WECC_NM,New Mexico,35.0,Dona Ana,13.0,35013.0,94.6,8542.0,2007.0,9999.0,,,N,"Natural Gas, Distillate Fuel Oil",,,,DLNB + H2O + NH3,SCR,2007.0,,,,,,,0.001,0.02257,0.02257,0.02257,0.02257,,,,,,,,,,,,Natural Gas,55210.0,32.114185,-106.846483,,,,,,,,,3.6509190329230177,117.0,POINT (-106.846483 32.114185),30.0,31.0,31.0,25.2210451457,25.5131162869,p31,rto3,NM,Combined Cycle,"(8034.0, 8542.0]",4,60.4494,9657.69675411294,37.839999999999996,0.0,13170.0,3.5999999999999996,34.78615037922842,1,0.0,1,1,0,False,False,False,55210+0002,,,,,,,,,,,,
2080,Phillips 66 Billings Refinery,56496_G_3701,56496,G,3701,,Fossil Waste,,WECC_MT,Montana,30.0,Yellowstone,111.0,30111.0,1.5,11724.0,2007.0,9999.0,,,N,Fossil Waste,,,,,,,,,,,,,,0.04795,0.04795,0.04795,0.04795,,,,,,,,,,,,Fossil Waste,56496.0,45.7769,-108.4911,,,,,,,,,0.0,160.1,POINT (-108.4911 45.7769),19.0,20.0,20.0,20.9742682172,7.3768607769,p20,rto2,MT,Fossil Waste,,0,1.5,0.0,0.375,0.0,37800.0,4.47,4.47,0,0.0,1,1,0,False,False,False,56496+3701,,,,,,,,,,,,
2182,Stoltze CoGen1,58523_G_STL2,58523,G,STL2,,Biomass,,WECC_MT,Montana,30.0,Flathead,29.0,30029.0,3.0,17397.0,2013.0,9999.0,,,N,Biomass,,,,,,,,,,,,,,0.25617,0.25617,0.25617,0.25617,,,,,,,,,,,,Biomass,58523.0,48.3877,-114.2409,,,,,,,,,0.0,91.9,POINT (-114.2409 48.3877),16.0,17.0,17.0,25.1067827551,11.3607225115,p17,rto1,MT,Biomass,,4,3.0,306.26945309026235,1.2000000000000002,0.0,105630.0,5.26,5.26,0,0.0,1,1,0,False,False,False,58523+STL2,,,,,,,,,,,,
2270,Columbia Generating Station,371_G_2,371,G,2,,Nuclear,,WECC_PNW,Washington,53.0,Benton,5.0,53005.0,1180.0,10456.0,1984.0,2064.0,,,N,Nuclear Fuel,,,,,,,,,,,,,,0.0,0.0,0.0,0.0,,,,,,,,,,,,Nuclear Fuel,371.0,46.4711,-119.3339,,,,,,,,,0.6559195578450814,0.0,POINT (-119.3339 46.4711),1.0,2.0,2.0,34.9567996089,7.6512303745,p2,rto1,WA,Nuclear Fuel,,20,94.4,602329.9244108492,1062.0,0.0,93280.0,2.14,8.99829489682817,0,0.0,1,1,0,False,False,False,371+2,,,,,,,,,,,,
2634,Cheyenne Prairie Generating Station,57703_G_01A,57703,G,01A,90707.0,Combined Cycle,,WECC_WY,Wyoming,56.0,Laramie,21.0,56021.0,37.0,8329.0,2014.0,9999.0,,,N,Natural Gas,,,,DLNB,SCR,,,,,,,,,0.00826,0.00826,0.00826,0.00826,,,,,,,,,,,,Natural Gas,57703.0,41.123611,-104.72,,,,,,,,,3.6509190329230177,117.0,POINT (-104.72 41.123611),23.0,24.0,24.0,12.9113496403,8.91711648995,p24,rto5,WY,Combined Cycle,,4,23.643,3777.323254779902,14.8,0.0,13170.0,3.5999999999999996,34.008504625215814,1,0.0,1,1,0,False,False,False,57703+01A,,,,,,,,,,,,
2635,Cheyenne Prairie Generating Station,57703_G_01B,57703,G,01B,90708.0,Combined Cycle,,WECC_WY,Wyoming,56.0,Laramie,21.0,56021.0,37.0,8329.0,2014.0,9999.0,,,N,Natural Gas,,,,DLNB,SCR,,,,,,,,,0.00826,0.00826,0.00826,0.00826,,,,,,,,,,,,Natural Gas,57703.0,41.123611,-104.72,,,,,,,,,3.6509190329230177,117.0,POINT (-104.72 41.123611),23.0,24.0,24.0,12.9113496403,8.91711648995,p24,rto5,WY,Combined Cycle,,4,23.643,3777.323254779902,14.8,0.0,13170.0,3.5999999999999996,34.008504625215814,1,0.0,1,1,0,False,False,False,57703+01B,,,,,,,,,,,,
2636,Cheyenne Prairie Generating Station,57703_G_01C,57703,G,01C,,Combined Cycle,,WECC_WY,Wyoming,56.0,Laramie,21.0,56021.0,20.0,8329.0,2014.0,9999.0,,,N,Natural Gas,,,,DLNB,SCR,,,,,,,,,0.00826,0.00826,0.00826,0.00826,,,,,,,,,,,,Natural Gas,57703.0,41.123611,-104.72,,,,,,,,,3.6509190329230177,117.0,POINT (-104.72 41.123611),23.0,24.0,24.0,12.9113496403,8.91711648995,p24,rto5,WY,Combined Cycle,,4,12.780000000000001,2041.7963539350822,8.0,0.0,13170.0,3.5999999999999996,34.008504625215814,1,0.0,1,1,0,False,False,False,57703+01C,,,,,,,,,,,,
2759,West Phoenix,117_G_C4-1,117,G,C4-1COMBINED,70.0,Combined Cycle,,WECC_AZ,Arizona,4.0,Maricopa,13.0,4013.0,1127.0,7938.042590949424,2001.0,9999.0,,,N,Natural Gas,,,,DLNB,,,,,,,,,,0.03074,0.03074,0.03074,0.03074,,,,,,,,,,,,Natural Gas,117.0,33.4417,-112.1583,,,,,,,,,3.6509190329230177,117.0,POINT (-112.1583 33.4417),27.0,28.0,28.0,25.4962710756,19.9625115102,p28,rto3,AZ,Combined Cycle,"(7590.0, 11404.0]",4,358.386,115055.22454424188,450.8,0.0,13170.0,3.5999999999999996,32.581150779450795,1,0.0,1,1,0,False,False,False,117+C4-1COMBINED,,,,,,,,,,,,
2761,Kyrene,147_G_KY7,147,G,KY7COMBINED,91.0,Combined Cycle,,WECC_AZ,Arizona,4.0,Maricopa,13.0,4013.0,1874.3,7546.967934695619,2003.0,9999.0,,,N,Natural Gas,,,,DLNB,SCR,,,,,,,,,0.00883,0.00883,0.00883,0.00883,,,,,,,,,,,,Natural Gas,147.0,33.3556,-111.9353,,,,,,,,,3.6509190329230177,116.99999999999999,POINT (-111.9353 33.3556),27.0,28.0,28.0,25.4962710756,19.9625115102,p28,rto3,AZ,Combined Cycle,"(7492.0, 7590.0]",4,596.0274,191346.94530902623,749.72,0.0,13170.0,3.5999999999999996,31.153368873639955,1,0.0,1,1,0,False,False,False,147+KY7COMBINED,,,,,,,,,,,,
2762,Santan,8068_G_ST6A,8068,G,ST6ACOMBINED,10067.0,Combined Cycle,,WECC_AZ,Arizona,4.0,Maricopa,13.0,4013.0,277.0,7535.0,2006.0,9999.0,,,N,Natural Gas,,,,DLNB,SCR,,,,,,,,,0.00947,0.00947,0.00947,0.00947,,,,,,,,,,,,Natural Gas,8068.0,33.3325,-111.7503,,,,,,,,,3.6509190329230177,117.0,POINT (-111.7503 33.3325),27.0,28.0,28.0,25.4962710756,19.9625115102,p28,rto3,AZ,Combined Cycle,"(7492.0, 7590.0]",4,88.086,28278.879502000887,110.80000000000001,0.0,13170.0,3.5999999999999996,31.10967491307494,1,0.0,1,1,0,False,False,False,8068+ST6ACOMBINED,,,,,,,,,,,,
2763,Desert Basin,55129_G_CTG1,55129,G,CTG1COMBINED,3964.0,Combined Cycle,,WECC_AZ,Arizona,4.0,Pinal,21.0,4021.0,3284.9,7344.0806721665795,2002.5,9999.0,,,N,Natural Gas,,,,,SCR,,,,,,,,,0.01135,0.01135,0.01135,0.01135,,,,,,,,,,,,Natural Gas,55129.0,32.9042,-111.7889,,,,,,,,,3.6509190329230177,116.99999999999999,POINT (-111.7889 32.9042),27.0,28.0,28.0,25.4962710756,19.9625115102,p28,rto3,AZ,Combined Cycle,"(7203.999, 7463.0]",4,1044.5982000000001,335354.8421520676,1313.96,0.0,13170.0,3.5999999999999996,30.41264390533503,1,0.0,1,1,0,False,False,False,55129+CTG1COMBINED,,,,,,,,,,,,
2764,Gila River Power Station,55306_G_CTG7,55306,G,CTG7COMBINED,8520.0,Combined Cycle,,WECC_AZ,Arizona,4.0,Maricopa,13.0,4013.0,2639.0,7474.809776430466,2003.0,9999.0,,,N,Natural Gas,,,,DLNB,SCR,,,,,,,,,0.01048,0.01048,0.01048,0.01048,,,,,,,,,,,,Natural Gas,55306.0,32.975,-112.6944,,,,,,,,,3.6509190329230177,116.99999999999997,POINT (-112.6944 32.975),27.0,28.0,28.0,25.4962710756,19.9625115102,p28,rto3,AZ,Combined Cycle,"(7463.0, 7492.0]",4,839.202,269415.0289017341,1055.6000000000001,0.0,13170.0,3.5999999999999996,30.88992528024903,1,0.0,1,1,0,False,False,False,55306+CTG7COMBINED,,,,,,,,,,,,
2780,Brush Generation Facility,10682_G_GT4,10682,G,GT4COMBINED,4142.0,Combined Cycle,,WECC_CO,Colorado,8.0,Morgan,87.0,8087.0,140.0,9946.0,1999.0,9999.0,,,N,Natural Gas,,,,H2O,,,,,,,,,,0.08462,0.08462,0.08462,0.08462,,,,,,,,,,,,Natural Gas,10682.0,40.2415,-103.631,,,,,,,,,3.6509190329230177,117.0,POINT (-103.631 40.2415),32.0,33.0,33.0,20.7799157782,13.0007552137,p33,rto5,CO,Combined Cycle,"(9632.0, 9946.0]",4,44.52,14292.574477545575,56.0,0.0,13170.0,3.5999999999999996,39.91204070145234,1,0.0,1,1,0,False,False,False,10682+GT4COMBINED,,,,,,,,,,,,
2782,Arapahoe Combustion Turbine Project,55200_G_UN5,55200,G,UN5COMBINED,4124.0,Combined Cycle,,WECC_CO,Colorado,8.0,Denver,31.0,8031.0,122.5,9004.0,2000.0,9999.0,,,N,Natural Gas,,,,,SCR,2002.0,,,,,,,,0.02745,0.02745,0.02745,0.02745,,,,,,,,,,,,Natural Gas,55200.0,39.6692,-105.0018,,,,,,,,,3.6509190329230177,117.0,POINT (-105.0018 39.6692),32.0,33.0,33.0,20.7799157782,13.0007552137,p33,rto5,CO,Combined Cycle,"(7804.0, 9632.0]",4,38.955,12506.00266785238,49.0,0.0,13170.0,3.5999999999999996,36.47287497243886,1,0.0,1,1,0,False,False,False,55200+UN5COMBINED,,,,,,,,,,,,
2784,Rocky Mountain Energy Center,55835_G_CTG1,55835,G,CTG1COMBINED,10173.0,Combined Cycle,,WECC_CO,Colorado,8.0,Weld,123.0,8123.0,580.0,7595.0,2004.0,9999.0,,,N,Natural Gas,,,,DLNB,SCR,,,,,,,,,0.01519,0.01519,0.01519,0.01519,,,,,,,,,,,,Natural Gas,55835.0,40.0908,-104.5953,,,,,,,,,3.6509190329230177,117.0,POINT (-104.5953 40.0908),32.0,33.0,33.0,20.7799157782,13.0007552137,p33,rto5,CO,Combined Cycle,"(6948.999, 7693.0]",4,184.44,59212.09426411738,232.0,0.0,13170.0,3.5999999999999996,31.328730055050322,1,0.0,1,1,0,False,False,False,55835+CTG1COMBINED,,,,,,,,,,,,
2785,Cherokee,469_G_5,469,G,5COMBINED,90850.0,Combined Cycle,,WECC_CO,Colorado,8.0,Adams,1.0,8001.0,764.0,7208.225130890052,2012.0,9999.0,,,N,Natural Gas,,,,,SCR,,,,,,,,,0.0147,0.0147,0.0147,0.0147,,,,,,,,,,,,Natural Gas,469.0,39.807275,-104.964548,,,,,,,,,3.6509190329230177,116.99999999999999,POINT (-104.964548 39.807275),32.0,33.0,33.0,20.7799157782,13.0007552137,p33,rto5,CO,Combined Cycle,"(6948.999, 7693.0]",4,242.952,77996.62072032013,305.6,0.0,13170.0,3.5999999999999996,29.916646323960506,1,0.0,1,1,0,False,False,False,469+5COMBINED,,,,,,,,,,,,
2786,Fort St Vrain,6112_G_1,6112,G,1COMBINED,,Combined Cycle,,WECC_CO,Colorado,8.0,Weld,123.0,8123.0,1140.0,7781.333333333332,2001.0,9999.0,,,N,Natural Gas,,,,DLNB,SCR,2001.0,,,,,,,0.06,0.02429,0.02429,0.02429,0.02429,,,,,,,,,,,,Natural Gas,6112.0,40.2461,-104.8742,,,,,,,,,3.6509190329230177,117.0,POINT (-104.8742 40.2461),32.0,33.0,33.0,20.7799157782,13.0007552137,p33,rto5,CO,Combined Cycle,"(7693.0, 7804.0]",4,362.52,116382.39217429969,456.0,0.0,13170.0,3.5999999999999996,32.00901796818497,1,0.0,1,1,0,False,False,False,6112+1COMBINED,,,,,,,,,,,,
2792,Langley Gulch Power Plant,57028_G_GTG,57028,G,GTGCOMBINED,90518.0,Combined Cycle,,WECC_ID,Idaho,16.0,Payette,75.0,16075.0,299.7,7248.0,2012.0,9999.0,,,N,Natural Gas,,,,DLNB,SCR,,,,,,,,,0.00702,0.00702,0.00702,0.00702,,,,,,,,,,,,Natural Gas,57028.0,43.904444,-116.819722,,,,,,,,,3.6509190329230177,117.0,POINT (-116.819722 43.904444),14.0,15.0,15.0,26.4064026554,15.9069043345,p15,rto1,ID,Combined Cycle,"(7149.0, 7248.0]",4,95.3046,30596.318363717208,119.88,0.0,13170.0,3.5999999999999996,30.06186115062603,1,0.0,1,1,0,False,False,False,57028+GTGCOMBINED,,,,,,,,,,,,
2793,Rathdrum Power LLC,55179_G_CTG1,55179,G,CTG1COMBINED,4071.0,Combined Cycle,,WECC_PNW,Idaho,16.0,Kootenai,55.0,16055.0,248.0,7050.0,2001.0,9999.0,,,N,Natural Gas,,,,DLNB,SCR,,,,,,,,1.75,0.01355,0.01355,0.01355,0.01355,,,,,,,,,,,,Natural Gas,55179.0,47.7858,-116.9203,,,,,,,,,3.6509190329230177,117.0,POINT (-116.9203 47.7858),13.0,14.0,14.0,9.31401747845,2.38902446325,p14,rto1,ID,Combined Cycle,"(7049.999, 7149.0]",4,78.864,25318.27478879502,99.2,0.0,13170.0,3.5999999999999996,29.338979182107273,1,0.0,1,1,0,False,False,False,55179+CTG1COMBINED,,,,,,,,,,,,
2800,Tracy,2336_G_5,2336,G,5COMBINED,,Combined Cycle,,WECC_NNV,Nevada,32.0,Storey,29.0,32029.0,832.0,7907.221153846154,2003.0,9999.0,,,N,Natural Gas,,,,STM,,,,,,,,,1.4,0.1486,0.1486,0.1486,0.1486,,,,,,,,,,,,Natural Gas,2336.0,39.5625,-119.525,,,,,,,,,3.6509190329230177,117.0,POINT (-119.525 39.5625),11.0,12.0,12.0,21.8974386668,27.8372830306,p12,rto2,NV,Combined Cycle,"(7484.0, 8374.0]",4,264.576,84938.72832369943,332.8,0.0,13170.0,3.5999999999999996,32.46862420810843,1,0.0,1,1,0,False,False,False,2336+5COMBINED,,,,,,,,,,,,
2801,Tracy,2336_G_10,2336,G,10COMBINED,,Combined Cycle,,WECC_NNV,Nevada,32.0,Storey,29.0,32029.0,553.0,7653.0,2008.0,9999.0,,,N,Natural Gas,,,,DLNB,SCR,2008.0,,,,,,,,0.00556,0.00556,0.00556,0.00556,,,,,,,,,,,,Natural Gas,2336.0,39.5625,-119.525,,,,,,,,,3.6509190329230177,117.0,POINT (-119.525 39.5625),11.0,12.0,12.0,21.8974386668,27.8372830306,p12,rto2,NV,Combined Cycle,"(7484.0, 8374.0]",4,175.854,56455.66918630502,221.20000000000002,0.0,13170.0,3.5999999999999996,31.540483358959854,1,0.0,1,1,0,False,False,False,2336+10COMBINED,,,,,,,,,,,,
2805,Chuck Lenzie Generating Station,55322_G_CTG1,55322,G,CTG1COMBINED,9006.0,Combined Cycle,,WECC_SNV,Nevada,32.0,Clark,3.0,32003.0,1680.0,7146.107142857142,2006.0,9999.0,,,N,Natural Gas,,,,DLNB,SCR,,,,,,,,,0.0105,0.0105,0.0105,0.0105,,,,,,,,,,,,Natural Gas,55322.0,36.383719,-114.921779,,,,,,,,,3.6509190329230177,117.0,POINT (-114.921779 36.383719),12.0,13.0,13.0,7.37546719298,2.10019158794,p13,rto3,NV,Combined Cycle,"(6619.999, 7221.0]",4,534.24,171510.8937305469,672.0,0.0,13170.0,3.5999999999999996,29.689858579164266,1,0.0,1,1,0,False,False,False,55322+CTG1COMBINED,,,,,,,,,,,,
2807,Desert Star Energy Center,55077_G_ED01,55077,G,ED01COMBINED,3860.0,Combined Cycle,,WECC_SNV,Nevada,32.0,Clark,3.0,32003.0,1494.4,7378.397751605995,2003.0,9999.0,,,N,Natural Gas,,,,,SCR,,,,,,,,,0.01308,0.01308,0.01308,0.01308,,,,,,,,,,,,Natural Gas,55077.0,35.788889,-114.994167,,,,,,,,,3.6509190329230177,116.99999999999999,POINT (-114.994167 35.788889),12.0,13.0,13.0,7.37546719298,2.10019158794,p13,rto3,NV,Combined Cycle,"(7221.0, 7484.0]",4,475.21920000000006,152563.02356602935,597.7600000000001,0.0,13170.0,3.5999999999999996,30.537932783814725,1,0.0,1,1,0,False,False,False,55077+ED01COMBINED,,,,,,,,,,,,
2830,Sutter Energy Center,55112_G_CT01,55112,G,CT01COMBINED,3928.0,Combined Cycle,,WEC_CALN,California,6.0,Sutter,101.0,6101.0,1304.6999999999998,7955.646585421938,2003.0,9999.0,,,N,Natural Gas,,,,DLNB,SCR,2001.0,,,,,,,,0.10516,0.10516,0.10516,0.10516,,,,,,,,,,,,Natural Gas,55112.0,39.053139,-121.695873,,,,,,,,,3.6509190329230177,117.00000000000001,POINT (-121.695873 39.053139),8.0,9.0,9.0,45.2932178082,19.6629761024,p9,rto4,CA,Combined Cycle,"(7590.0, 8523.0]",4,414.89459999999997,133196.58514895508,521.88,0.0,13170.0,3.5999999999999996,32.64542153792597,1,0.0,1,1,0,False,False,False,55112+CT01COMBINED,,,,,,,,,,,,
2831,Los Esteros Critical Energy Center,55748_G_CAG5,55748,G,CAG5COMBINED,,Combined Cycle,,WEC_CALN,California,6.0,Santa Clara,85.0,6085.0,1415.8,8126.192682582287,2012.0,9999.0,,,N,Natural Gas,,,,H2O,SCR,2013.0,,,,,,,,0.009,0.009,0.009,0.009,,,,,,,,,,,,Natural Gas,55748.0,37.425,-121.9319,,,,,,,,,3.6509190329230177,117.0,POINT (-121.9319 37.425),8.0,9.0,9.0,45.2932178082,19.6629761024,p9,rto4,CA,Combined Cycle,"(7590.0, 8523.0]",4,450.2244,144538.76389506448,566.32,0.0,13170.0,3.5999999999999996,33.26807153003943,1,0.0,1,1,0,False,False,False,55748+CAG5COMBINED,,,,,,,,,,,,
2834,Fresno Cogen Partners,10156_G_GEN4,10156,G,GEN4COMBINED,89509.0,Combined Cycle,,WEC_CALN,California,6.0,Fresno,19.0,6019.0,422.2,8791.045002368546,2003.0,9999.0,,,Y,Natural Gas,,,,H2O,SCR,,,,,,,,,0.01234,0.01234,0.01234,0.01234,,,,,,,,,,,,Natural Gas,10156.0,36.617022,-120.099846,,,,,,,,,3.6509190329230177,117.0,POINT (-120.099846 36.617022),8.0,9.0,9.0,45.2932178082,19.6629761024,p9,rto4,CA,Combined Cycle,"(8523.0, 11346.0]",4,134.2596,43102.32103156958,168.88,0.0,13170.0,3.5999999999999996,35.6953935184301,1,0.0,1,1,0,False,False,False,10156+GEN4COMBINED,,,,,,,,,,,,
2836,Dynegy Moss Landing Power Plant,260_G_CT1A,260,G,CT1ACOMBINED,149.0,Combined Cycle,,WEC_CALN,California,6.0,Monterey,53.0,6053.0,4064.1,7065.510322088532,2004.0,9999.0,,,N,Natural Gas,,,,DLNB,SCR,,,,,,,,,0.01062,0.01062,0.01062,0.01062,,,,,,,,,,,,Natural Gas,260.0,36.804837,-121.782241,,,,,,,,,3.6509190329230177,117.0,POINT (-121.782241 36.804837),8.0,9.0,9.0,45.2932178082,19.6629761024,p9,rto4,CA,Combined Cycle,"(5931.999, 7183.0]",4,1292.3838,414903.22810137836,1625.64,0.0,13170.0,3.5999999999999996,29.395606112227064,1,0.0,1,1,0,False,False,False,260+CT1ACOMBINED,,,,,,,,,,,,
2837,Cosumnes,55970_G_1,55970,G,1COMBINED,,Combined Cycle,,WEC_BANC,California,6.0,Sacramento,67.0,6067.0,2800.4,7103.5034995000715,2010.0,9999.0,,,N,Natural Gas,,,,DLNB,SCR,2006.0,,,,,,,,0.00559,0.00559,0.00559,0.00559,,,,,,,,,,,,Natural Gas,55970.0,38.338475,-121.123978,,,,,,,,,3.6509190329230177,117.0,POINT (-121.123978 38.338475),8.0,9.0,9.0,45.2932178082,19.6629761024,p9,rto4,CA,Combined Cycle,"(5931.999, 7183.0]",4,890.5272,285892.3254779902,1120.16,0.0,13170.0,3.5999999999999996,29.534316126760075,1,0.0,1,1,0,False,False,False,55970+1COMBINED,,,,,,,,,,,,
2838,Scattergood,404_G_4,404,G,4COMBINED,90958.0,Combined Cycle,,WEC_LADW,California,6.0,Los Angeles,37.0,6037.0,390.0,7050.0,2016.0,9999.0,,,N,Natural Gas,,,,,SCR,,,,,,,,,0.00674,0.00674,0.00674,0.00674,,,,,,,,,,,,Natural Gas,404.0,33.918151,-118.427648,,,,,,,,,3.6509190329230177,117.00000000000001,POINT (-118.427648 33.918151),9.0,10.0,10.0,29.1722901383,16.6512953217,p10,rto4,CA,Combined Cycle,"(5931.999, 7183.0]",4,124.02,39815.028901734106,156.0,0.0,13170.0,3.5999999999999996,29.338979182107273,1,0.0,1,1,0,False,False,False,404+4COMBINED,,,,,,,,,,,,
2840,Delta Energy Center,55333_G_CTG1,55333,G,CTG1COMBINED,3739.0,Combined Cycle,,WEC_CALN,California,6.0,Contra Costa,13.0,6013.0,5192.3,7309.755850008666,2003.0,9999.0,,,N,Natural Gas,,,,NH3,SCR,,,,,,,,,0.01068,0.01068,0.01068,0.01068,,,,,,,,,,,,Natural Gas,55333.0,38.0169,-121.8439,,,,,,,,,3.6509190329230177,117.0,POINT (-121.8439 38.0169),8.0,9.0,9.0,45.2932178082,19.6629761024,p9,rto4,CA,Combined Cycle,"(7183.0, 7590.0]",4,1651.1514000000002,530080.9604268564,2076.92,0.0,13170.0,3.5999999999999996,30.28732675881701,1,0.0,1,1,0,False,False,False,55333+CTG1COMBINED,,,,,,,,,,,,
2841,El Segundo Cogen,10213_G_GEN7,10213,G,GEN7COMBINED,,Combined Cycle,,WEC_LADW,California,6.0,Los Angeles,37.0,6037.0,1121.9,7387.831357518494,2008.0,9999.0,,,Y,Natural Gas,,,,,SCR,,,,,,,,,0.009,0.009,0.009,0.009,,,,,,,,,,,,Natural Gas,10213.0,33.9058,-118.4031,,,,,,,,,3.6509190329230177,116.99999999999999,POINT (-118.4031 33.9058),9.0,10.0,10.0,29.1722901383,16.6512953217,p10,rto4,CA,Combined Cycle,"(7183.0, 7590.0]",4,356.7642,114534.56647398845,448.76000000000005,0.0,13170.0,3.5999999999999996,30.57237411518976,1,0.0,1,1,0,False,False,False,10213+GEN7COMBINED,,,,,,,,,,,,
2855,Currant Creek,56102_G_CT1A,56102,G,CT1ACOMBINED,89419.0,Combined Cycle,,WECC_UT,Utah,49.0,Juab,23.0,49023.0,270.0,7497.0,2005.0,9999.0,,,N,Natural Gas,,,,,SCR,,,,,,,,,0.01674,0.01674,0.01674,0.01674,,,,,,,,,,,,Natural Gas,56102.0,39.82144,-111.89345,,,,,,,,,3.6509190329230177,117.0,POINT (-111.89345 39.82144),24.0,25.0,25.0,22.1867344858,19.3243237465,p25,rto2,UT,Combined Cycle,"(7187.999, 7497.0]",4,85.86,27564.25077812361,108.0,0.0,13170.0,3.5999999999999996,30.97093998982386,1,0.0,1,1,0,False,False,False,56102+CT1ACOMBINED,,,,,,,,,,,,
2856,Currant Creek,56102_G_ST1,56102,G,ST1COMBINED,,Combined Cycle,,WECC_UT,Utah,49.0,Juab,23.0,49023.0,1430.0,7242.885314685315,2007.0,9999.0,,,N,Natural Gas,,,,,SCR,2005.0,,,,,,,,0.01674,0.01674,0.01674,0.01674,,,,,,,,,,,,Natural Gas,56102.0,39.82144,-111.89345,,,,,,,,,3.6509190329230177,117.0,POINT (-111.89345 39.82144),24.0,25.0,25.0,22.1867344858,19.3243237465,p25,rto2,UT,Combined Cycle,"(7187.999, 7497.0]",4,454.74,145988.43930635837,572.0,0.0,13170.0,3.5999999999999996,30.043187848663237,1,0.0,1,1,0,False,False,False,56102+ST1COMBINED,,,,,,,,,,,,
2857,Nebo Power Station,56177_G_GT1,56177,G,GT1COMBINED,89496.0,Combined Cycle,,WECC_UT,Utah,49.0,Utah,49.0,49049.0,130.0,8506.0,2004.0,9999.0,,,N,Natural Gas,,,,DLNB,SCR,,,,,,,,,0.01729,0.01729,0.01729,0.01729,,,,,,,,,,,,Natural Gas,56177.0,40.0614,-111.7294,,,,,,,,,3.6509190329230177,117.0,POINT (-111.7294 40.0614),24.0,25.0,25.0,22.1867344858,19.3243237465,p25,rto2,UT,Combined Cycle,"(7497.0, 8506.0]",4,41.34,13271.676300578034,52.0,0.0,13170.0,3.5999999999999996,34.65471729404319,1,0.0,1,1,0,False,False,False,56177+GT1COMBINED,,,,,,,,,,,,
2864,Hermiston Generating Plant,54761_G_GEN1,54761,G,GEN1COMBINED,,Combined Cycle,,WECC_PNW,Oregon,41.0,Umatilla,59.0,41059.0,464.0,7666.0,1996.0,9999.0,,,Y,Natural Gas,,,,,SCR,,,,,,,,,0.01558,0.01558,0.01558,0.01558,,,,,,,,,,,,Natural Gas,54761.0,45.8042,-119.37,,,,,,,,,3.6509190329230177,117.0,POINT (-119.37 45.8042),4.0,5.0,5.0,25.4553475211,13.7018007455,p5,rto1,OR,Combined Cycle,"(7590.0, 7666.0]",4,147.552,47369.67541129391,185.60000000000002,0.0,13170.0,3.5999999999999996,31.58794530638785,1,0.0,1,1,0,False,False,False,54761+GEN1COMBINED,,,,,,,,,,,,
2865,Coyote Springs,7350_G_1,7350,G,1COMBINED,3105.0,Combined Cycle,,WECC_PNW,Oregon,41.0,Morrow,49.0,41049.0,235.0,7326.0,1995.0,9999.0,,,Y,"Natural Gas, Distillate Fuel Oil",,,,DLNB + H2O,SCR,,,,,,,,,0.01475,0.01475,0.01475,0.01475,,,,,,,,,,,,Natural Gas,7350.0,45.847998,-119.67392,,,,,,,,,3.6509190329230177,117.0,POINT (-119.67392 45.847998),4.0,5.0,5.0,25.4553475211,13.7018007455,p5,rto1,OR,Combined Cycle,"(7050.0, 7590.0]",4,74.73,23991.107158737217,94.0,0.0,13170.0,3.5999999999999996,30.34663283519403,1,0.0,1,1,0,False,False,False,7350+1COMBINED,,,,,,,,,,,,
2866,Hermiston Power Partnership,55328_G_CTG1,55328,G,CTG1COMBINED,4493.0,Combined Cycle,,WECC_PNW,Oregon,41.0,Umatilla,59.0,41059.0,615.0,7160.0,2002.0,9999.0,,,N,Natural Gas,,,,DLNB,SCR,,,,,,,,,0.01584,0.01584,0.01584,0.01584,,,,,,,,,,,,Natural Gas,55328.0,45.794046,-119.313323,,,,,,,,,3.6509190329230177,117.0,POINT (-119.313323 45.794046),4.0,5.0,5.0,25.4553475211,13.7018007455,p5,rto1,OR,Combined Cycle,"(7050.0, 7590.0]",4,195.57,62785.237883503774,246.0,0.0,13170.0,3.5999999999999996,29.74058027572881,1,0.0,1,1,0,False,False,False,55328+CTG1COMBINED,,,,,,,,,,,,
2867,Univ of Oregon Central Power Station,54950_G_CTG1,54950,G,CTG1COMBINED,,Combined Cycle,,WECC_PNW,Oregon,41.0,Lane,39.0,41039.0,14.7,7590.0,2011.0,9999.0,,,Y,"Natural Gas, Distillate Fuel Oil",,,,,,,,,,,,,,0.02644,0.02644,0.02644,0.02644,,,,,,,,,,,,Natural Gas,54950.0,44.048333,-123.073889,,,,,,,,,3.6509190329230177,117.0,POINT (-123.073889 44.048333),4.0,5.0,5.0,25.4553475211,13.7018007455,p5,rto1,OR,Combined Cycle,"(7050.0, 7590.0]",4,9.3933,1500.7203201422853,5.88,0.0,13170.0,3.5999999999999996,31.3104754598857,1,0.0,1,1,0,False,False,False,54950+CTG1COMBINED,,,,,,,,,,,,
2868,Coyote Springs II,7931_G_1,7931,G,1COMBINED,3106.0,Combined Cycle,,WECC_PNW,Oregon,41.0,Morrow,49.0,41049.0,780.0,6958.910256410256,2001.0,9999.0,,,N,Natural Gas,,,,DLNB,SCR,,,,,,,,,0.01409,0.01409,0.01409,0.01409,,,,,,,,,,,,Natural Gas,7931.0,45.848039,-119.673965,,,,,,,,,3.6509190329230177,117.0,POINT (-119.673965 45.848039),4.0,5.0,5.0,25.4553475211,13.7018007455,p5,rto1,OR,Combined Cycle,"(6904.999, 7050.0]",4,248.04,79630.05780346821,312.0,0.0,13170.0,3.5999999999999996,29.0064179035314,1,0.0,1,1,0,False,False,False,7931+1COMBINED,,,,,,,,,,,,
2869,Port Westward,56227_G_1,56227,G,1COMBINED,89564.0,Combined Cycle,,WECC_PNW,Oregon,41.0,Columbia,9.0,41009.0,392.2,7050.0,2007.0,9999.0,,,N,Natural Gas,,,,,SCR,,,,,,,,,0.009,0.009,0.009,0.009,,,,,,,,,,,,Natural Gas,56227.0,46.17894,-123.172039,,,,,,,,,3.6509190329230177,117.0,POINT (-123.172039 46.17894),4.0,5.0,5.0,25.4553475211,13.7018007455,p5,rto1,OR,Combined Cycle,"(6904.999, 7050.0]",4,124.7196,40039.626500666964,156.88,0.0,13170.0,3.5999999999999996,29.338979182107273,1,0.0,1,1,0,False,False,False,56227+1COMBINED,,,,,,,,,,,,
2870,Carty Generating Station,58503_G_GEN1,58503,G,GEN1COMBINED,90906.0,Combined Cycle,,WECC_PNW,Oregon,41.0,Morrow,49.0,41049.0,413.0,7050.0,2016.0,9999.0,,,N,Natural Gas,,,,,SCR,,,,,,,,,0.00832,0.00832,0.00832,0.00832,,,,,,,,,,,,Natural Gas,58503.0,45.698611,-119.813056,,,,,,,,,3.6509190329230177,117.0,POINT (-119.813056 45.698611),4.0,5.0,5.0,25.4553475211,13.7018007455,p5,rto1,OR,Combined Cycle,"(6904.999, 7050.0]",4,131.334,42163.09470875945,165.20000000000002,0.0,13170.0,3.5999999999999996,29.338979182107273,1,0.0,1,1,0,False,False,False,58503+GEN1COMBINED,,,,,,,,,,,,
2876,Bluffview,55977_G_CTG1,55977,G,CTG1COMBINED,89622.0,Combined Cycle,,WECC_NM,New Mexico,35.0,San Juan,45.0,35045.0,58.0,8034.0,2005.0,9999.0,,,N,Natural Gas,,,,DLNB,SCR,,,,,,,,,0.04395,0.04395,0.04395,0.04395,,,,,,,,,,,,Natural Gas,55977.0,36.716628,-108.215282,,,,,,,,,3.6509190329230177,117.0,POINT (-108.215282 36.716628),30.0,31.0,31.0,25.2210451457,25.5131162869,p31,rto3,NM,Combined Cycle,"(7435.999, 8034.0]",4,37.062,5921.209426411739,23.200000000000003,0.0,13170.0,3.5999999999999996,32.931483510503526,1,0.0,1,1,0,False,False,False,55977+CTG1COMBINED,,,,,,,,,,,,
2877,Luna Energy Facility,55343_G_CTG1,55343,G,CTG1COMBINED,4521.0,Combined Cycle,,WECC_NM,New Mexico,35.0,Luna,29.0,35029.0,559.0,7436.0,2006.0,9999.0,,,N,Natural Gas,,,,DLNB,SCR,,,,,,,,0.001,0.01096,0.01096,0.01096,0.01096,,,,,,,,,,,,Natural Gas,55343.0,32.299349,-107.7834,,,,,,,,,3.6509190329230177,117.0,POINT (-107.7834 32.299349),30.0,31.0,31.0,25.2210451457,25.5131162869,p31,rto3,NM,Combined Cycle,"(7435.999, 8034.0]",4,177.762,57068.20809248555,223.60000000000002,0.0,13170.0,3.5999999999999996,30.74823392881556,1,0.0,1,1,0,False,False,False,55343+CTG1COMBINED,,,,,,,,,,,,
2893,Goldendale Generating Station,55482_G_G1,55482,G,G1COMBINED,4863.0,Combined Cycle,,WECC_PNW,Washington,53.0,Klickitat,39.0,53039.0,732.7,7165.442063600382,2002.0,9999.0,,,N,Natural Gas,,,,DLNB,SCR,,,,,,,,,0.01016,0.01016,0.01016,0.01016,,,,,,,,,,,,Natural Gas,55482.0,45.8114,-120.833,,,,,,,,,3.6509190329230177,117.0,POINT (-120.833 45.8114),1.0,2.0,2.0,34.9567996089,7.6512303745,p2,rto1,WA,Combined Cycle,"(7081.999, 7292.0]",4,232.9986,74801.20942641173,293.08000000000004,0.0,13170.0,3.5999999999999996,29.76044880930582,1,0.0,1,1,0,False,False,False,55482+G1COMBINED,,,,,,,,,,,,
2894,Mint Farm Generating Station,55700_G_1STG,55700,G,1STGCOMBINED,,Combined Cycle,,WECC_PNW,Washington,53.0,Cowlitz,15.0,53015.0,294.8,7292.0,2008.0,9999.0,,,N,Natural Gas,,,,DLNB + NH3,SCR,2008.0,,,,,,,,0.01101,0.01101,0.01101,0.01101,,,,,,,,,,,,Natural Gas,55700.0,46.138824,-122.985506,,,,,,,,,3.6509190329230177,117.0,POINT (-122.985506 46.138824),1.0,2.0,2.0,34.9567996089,7.6512303745,p2,rto1,WA,Combined Cycle,"(7081.999, 7292.0]",4,93.74640000000001,30096.07825700311,117.92000000000002,0.0,13170.0,3.5999999999999996,30.222501588074643,1,0.0,1,1,0,False,False,False,55700+1STGCOMBINED,,,,,,,,,,,,
2895,Chehalis Generating Facility,55662_G_CA,55662,G,CACOMBINED,,Combined Cycle,,WECC_PNW,Washington,53.0,Lewis,41.0,53041.0,477.0,7645.0,2003.0,9999.0,,,N,"Natural Gas, Distillate Fuel Oil",,,,DLNB + H2O,SCR,,,,,,,,,0.01189,0.01189,0.01189,0.01189,,,,,,,,,,,,Natural Gas,55662.0,46.6225,-122.9131,,,,,,,,,3.6509190329230177,117.0,POINT (-122.9131 46.6225),1.0,2.0,2.0,34.9567996089,7.6512303745,p2,rto1,WA,Combined Cycle,"(7531.0, 7792.0]",4,151.686,48696.84304135171,190.8,0.0,13170.0,3.5999999999999996,31.51127600669647,1,0.0,1,1,0,False,False,False,55662+CACOMBINED,,,,,,,,,,,,
2897,Grays Harbor Energy Facility,7999_G_CT1,7999,G,CT1COMBINED,89846.0,Combined Cycle,,WECC_PNW,Washington,53.0,Grays Harbor,27.0,53027.0,637.0,7461.0,2008.0,9999.0,,,N,Natural Gas,,,,DLNB,SCR,,,,,,,,,0.0083,0.0083,0.0083,0.0083,,,,,,,,,,,,Natural Gas,7999.0,46.9692,-123.48,,,,,,,,,3.6509190329230177,117.0,POINT (-123.48 46.9692),1.0,2.0,2.0,34.9567996089,7.6512303745,p2,rto1,WA,Combined Cycle,"(7292.0, 7531.0]",4,202.566,65031.21387283237,254.8,0.0,13170.0,3.5999999999999996,30.839506904638633,1,0.0,1,1,0,False,False,False,7999+CT1COMBINED,,,,,,,,,,,,
2920,Stockton Biomass,54238_B_BIOMS1,54238,B,BIOMS1COMBINED,90649.0,Biomass,,WEC_CALN,California,6.0,San Joaquin,77.0,6077.0,111.1,15101.324032403241,2012.0,9999.0,stoker/SPR,,Y,Biomass,Wet Scrubber,2014.0,0.9,,SCR,2014.0,,ESPH + C,Yes,,,,,0.03927,0.03927,0.03927,0.03927,,,,,Yes,,,,,,,Biomass,54238.0,37.943633,-121.330433,,,,,,,,,0.0,91.90000000000002,POINT (-121.330433 37.943633),8.0,9.0,9.0,45.2932178082,19.6629761024,p9,rto4,CA,Biomass,"(5742.999, 13565.0]",4,111.1,11342.17874610938,44.44,0.0,105630.0,5.26,5.26,0,0.0,1,1,0,False,False,False,54238+BIOMS1COMBINED,,,,,,,,,,,,
2924,Power Generation Station (PGS) 2,57696_G_1,57696,G,1COMBINED,,Non-Fossil Waste,,WEC_CALN,California,6.0,Alameda,1.0,6001.0,11.0,12658.49090909091,2014.0,9999.0,,,Y,Non-Fossil Waste,,,,,,,,,,,,,,0.0,0.0,0.0,0.0,,,,,,,,,,,,Non-Fossil Waste,57696.0,37.825833,-122.296111,,,,,,,,,0.0,160.1,POINT (-122.296111 37.825833),8.0,9.0,9.0,45.2932178082,19.6629761024,p9,rto4,CA,Non-Fossil Waste,"(11137.0, 11414.0]",4,11.0,1122.9879946642952,4.4,0.0,105630.0,5.26,5.26,0,0.0,1,1,0,False,False,False,57696+1COMBINED,,,,,,,,,,,,
2925,Verwey-Hanford Dairy Digester #1,60918_G_00003,60918,G,00003COMBINED,,Non-Fossil Waste,,WEC_CALN,California,6.0,Kings,31.0,6031.0,26.0,14461.576923076924,2017.0,9999.0,,,N,Non-Fossil Waste,,,,,,,,,,,,,,0.0,0.0,0.0,0.0,,,,,,,,,,,,Non-Fossil Waste,60918.0,36.18519,-119.681495,,,,,,,,,0.0,160.10000000000005,POINT (-119.681495 36.18519),8.0,9.0,9.0,45.2932178082,19.6629761024,p9,rto4,CA,Non-Fossil Waste,"(12396.0, 19168.0]",4,26.0,2654.335260115607,10.4,0.0,105630.0,5.26,5.26,0,0.0,1,1,0,False,False,False,60918+00003COMBINED,,,,,,,,,,,,
2926,Phillips 66 Rodeo Refinery,50119_G_GENA,50119,G,GENACOMBINED,,Fossil Waste,,WEC_CALN,California,6.0,Contra Costa,13.0,6013.0,45.6,5125.0,1987.0,9999.0,,,Y,Fossil Waste,,,,,,,,,,,,,,0.04795,0.04795,0.04795,0.04795,,,,,,,,,,,,Fossil Waste,50119.0,38.0417,-122.2583,,,,,,,,,0.0,160.1,POINT (-122.2583 38.0417),8.0,9.0,9.0,45.2932178082,19.6629761024,p9,rto4,CA,Fossil Waste,"(5124.999, 11724.0]",0,45.6,0.0,11.4,0.0,37800.0,4.47,4.47,0,0.0,1,1,0,False,False,False,50119+GENACOMBINED,,,,,,,,,,,,
2927,Blacksand Generating Facility,56090_G_D182,56090,G,D182COMBINED,,Fossil Waste,,WECC_SCE,California,6.0,Orange,59.0,6059.0,11.2,11724.0,2000.0,9999.0,,,N,Fossil Waste,,,,,,,,,,,,,0.74,0.04795,0.04795,0.04795,0.04795,,,,,,,,,,,,Fossil Waste,56090.0,33.9328,-117.855,,,,,,,,,0.0,160.10000000000002,POINT (-117.855 33.9328),9.0,10.0,10.0,29.1722901383,16.6512953217,p10,rto4,CA,Fossil Waste,"(5124.999, 11724.0]",0,11.2,0.0,2.8,0.0,37800.0,4.47,4.47,0,0.0,1,1,0,False,False,False,56090+D182COMBINED,,,,,,,,,,,,
2935,Blue Mountain Biogas,58130_G_BMB N,58130,G,BMB NCOMBINED,,Non-Fossil Waste,,WECC_UT,Utah,49.0,Beaver,1.0,49001.0,3.0,13500.0,2012.0,9999.0,,,N,Non-Fossil Waste,,,,,,,,,,,,,,0.0,0.0,0.0,0.0,,,,,,,,,,,,Non-Fossil Waste,58130.0,38.173889,-113.297222,,,,,,,,,0.0,160.1,POINT (-113.297222 38.173889),24.0,25.0,25.0,22.1867344858,19.3243237465,p25,rto2,UT,Non-Fossil Waste,"(12457.0, 13500.0]",4,3.0,306.26945309026235,1.2000000000000002,0.0,105630.0,5.26,5.26,0,0.0,1,1,0,False,False,False,58130+BMB NCOMBINED,,,,,,,,,,,,
2944,Threemile Digester,58382_G_GEN1,58382,G,GEN1COMBINED,,Non-Fossil Waste,,WECC_PNW,Oregon,41.0,Morrow,49.0,41049.0,8.9,11259.269662921348,2012.0,9999.0,,,Y,Non-Fossil Waste,,,,,,,,,,,,,,0.0,0.0,0.0,0.0,,,,,,,,,,,,Non-Fossil Waste,58382.0,45.71,-119.901111,,,,,,,,,0.0,160.1,POINT (-119.901111 45.71),4.0,5.0,5.0,25.4553475211,13.7018007455,p5,rto1,OR,Non-Fossil Waste,"(10776.0, 11021.0]",4,8.9,908.5993775011116,3.5600000000000005,0.0,105630.0,5.26,5.26,0,0.0,1,1,0,False,False,False,58382+GEN1COMBINED,,,,,,,,,,,,
2957,J S Eastwood,104_G_1,104,G,1COMBINED,,Pumped Storage,,WEC_CALN,California,6.0,Fresno,19.0,6019.0,3273.2,0.0,2012.0,9999.0,,,N,Pumped Storage,,,,,,,,,,,,,,0.0,0.0,0.0,0.0,,,,,,,,,,,,Pumped Storage,104.0,37.147926,-119.2567,,,25167.3,3271.5000000000005,3272.5000000000005,,0.81,0.0,0.0,0.0,POINT (-119.2567 37.147926),8.0,9.0,9.0,45.2932178082,19.6629761024,p9,rto4,CA,Pumped Storage,,0,3273.2,334.1603912850155,0.0,0.0,0.0,0.0,0.0,0,0.0,1,1,0,False,False,False,104+1COMBINED,,,,,,,,,,,,
2958,Salem Smart Power Center,60441_G_SSPC,60441,G,SSPCCOMBINED,,Batteries,,WECC_PNW,Oregon,41.0,Marion,47.0,41047.0,5.0,0.0,2013.0,9999.0,,,N,Energy Storage,,,,,,,,,,,,,,0.0,0.0,0.0,0.0,,,,,,,,,,,,Energy Storage,60441.0,44.922,-123.0183,60441.0,SSPC,1.3,5.0,5.0,Batteries,0.81,0.0,0.0,0.0,POINT (-123.0183 44.922),4.0,5.0,5.0,25.4553475211,13.7018007455,p5,rto1,OR,Energy Storage,,0,5.0,0.0,5.0,0.0,0.0,0.0,0.0,0,0.0,1,1,0,False,False,False,60441+SSPCCOMBINED,,,,,,,,,,,,
2959,Prosperity Energy Storage Facility,58899_G_GEN-2,58899,G,GEN-2COMBINED,,Batteries,,WECC_NM,New Mexico,35.0,Bernalillo,1.0,35001.0,0.8,0.0,2011.0,9999.0,,,N,Energy Storage,,,,,,,,,,,,,,0.0,0.0,0.0,0.0,,,,,,,,,,,,Energy Storage,58899.0,35.001944,-106.637222,58899.0,GEN-2,1.3,0.5,0.5,Batteries,0.81,0.0,0.0,0.0,POINT (-106.637222 35.001944),30.0,31.0,31.0,25.2210451457,25.5131162869,p31,rto3,NM,Energy Storage,,0,0.8,0.0,0.8,0.0,0.0,0.0,0.0,0,0.0,1,1,0,False,False,False,58899+GEN-2COMBINED,,,,,,,,,,,,
2960,MESA 1,60016_G_A,60016,G,ACOMBINED,,Batteries,,WECC_PNW,Washington,53.0,Snohomish,61.0,53061.0,320.4,0.0,1983.5,9999.0,,,N,Energy Storage,,,,,,,,,,,,,,0.0,0.0,0.0,0.0,,,,,,,,,,,,Energy Storage,60016.0,47.936194,-122.246917,60016.0,A,2525.4,320.2,320.2,Batteries,0.81,0.0,0.0,0.0,POINT (-122.246917 47.936194),0.0,1.0,1.0,38.2064776067,5.20597542572,p1,rto1,WA,Energy Storage,,0,320.4,0.0,320.4,0.0,0.0,0.0,0.0,0,0.0,1,1,0,False,False,False,60016+ACOMBINED,,,,,,,,,,,,
2961,,,61269,,1,,Combined Cycle,,,,,,,,400.0,6363.0,2035.0,2090.0,,,,,,,,,,,,,,,,,,,,,,,,,,,,,,,,,Natural Gas,,,,,,,,,,,,3.6509190329230177,119.0,,,,,,,,,WA,,,4,127.2,40835.92707870164,160.0,0.0,24455.34,1.558692,24.78948980648916,1,0.0,1,1,2035,False,,,61269+1,atb,Gas-CC-AvgCF - Mid,thermal,875147.7371,Yes,0.003,0.035,55.0,,,,CC
2962,,,61270,,1,,Combined Cycle,,,,,,,,400.0,6363.0,2035.0,2090.0,,,,,,,,,,,,,,,,,,,,,,,,,,,,,,,,,Natural Gas,,,,,,,,,,,,3.6509190329230177,119.0,,,,,,,,,WA,,,4,127.2,40835.92707870164,160.0,0.0,24455.34,1.558692,24.78948980648916,1,0.0,1,1,2035,False,,,61270+1,atb,Gas-CC-AvgCF - Mid,thermal,875147.7371,Yes,0.003,0.035,55.0,,,,CC
2963,,,61271,,1,,Combined Cycle,,,,,,,,400.0,6363.0,2035.0,2090.0,,,,,,,,,,,,,,,,,,,,,,,,,,,,,,,,,Natural Gas,,,,,,,,,,,,3.6509190329230177,119.0,,,,,,,,,WA,,,4,127.2,40835.92707870164,160.0,0.0,24455.34,1.558692,24.78948980648916,1,0.0,1,1,2035,False,,,61271+1,atb,Gas-CC-AvgCF - Mid,thermal,875147.7371,Yes,0.003,0.035,55.0,,,,CC
2964,,,61272,,1,,Combined Cycle,,,,,,,,400.0,6363.0,2035.0,2090.0,,,,,,,,,,,,,,,,,,,,,,,,,,,,,,,,,Natural Gas,,,,,,,,,,,,3.6509190329230177,119.0,,,,,,,,,WA,,,4,127.2,40835.92707870164,160.0,0.0,24455.34,1.558692,24.78948980648916,1,0.0,1,1,2035,False,,,61272+1,atb,Gas-CC-AvgCF - Mid,thermal,875147.7371,Yes,0.003,0.035,55.0,,,,CC
2965,,,61273,,1,,Combined Cycle,,,,,,,,400.0,6363.0,2035.0,2090.0,,,,,,,,,,,,,,,,,,,,,,,,,,,,,,,,,Natural Gas,,,,,,,,,,,,3.6509190329230177,119.0,,,,,,,,,WA,,,4,127.2,40835.92707870164,160.0,0.0,24455.34,1.558692,24.78948980648916,1,0.0,1,1,2035,False,,,61273+1,atb,Gas-CC-AvgCF - Mid,thermal,875147.7371,Yes,0.003,0.035,55.0,,,,CC
2966,,,61274,,1,,Combined Cycle,,,,,,,,400.0,6363.0,2035.0,2090.0,,,,,,,,,,,,,,,,,,,,,,,,,,,,,,,,,Natural Gas,,,,,,,,,,,,3.6509190329230177,119.0,,,,,,,,,WA,,,4,127.2,40835.92707870164,160.0,0.0,24455.34,1.558692,24.78948980648916,1,0.0,1,1,2035,False,,,61274+1,atb,Gas-CC-AvgCF - Mid,thermal,875147.7371,Yes,0.003,0.035,55.0,,,,CC
2967,,,61275,,1,,Combined Cycle,,,,,,,,400.0,6363.0,2035.0,2090.0,,,,,,,,,,,,,,,,,,,,,,,,,,,,,,,,,Natural Gas,,,,,,,,,,,,3.6509190329230177,119.0,,,,,,,,,WA,,,4,127.2,40835.92707870164,160.0,0.0,24455.34,1.558692,24.78948980648916,1,0.0,1,1,2035,False,,,61275+1,atb,Gas-CC-AvgCF - Mid,thermal,875147.7371,Yes,0.003,0.035,55.0,,,,CC
2968,,,61276,,1,,Combined Cycle,,,,,,,,255.23955567292978,6363.0,2035.0,2090.0,,,,,,,,,,,,,,,,,,,,,,,,,,,,,,,,,Natural Gas,,,,,,,,,,,,3.6509190329230177,119.0,,,,,,,,,WA,,,4,127.2,40835.92707870164,160.0,0.0,24455.34,1.558692,24.78948980648916,1,0.0,1,1,2035,False,,,61276+1,atb,Gas-CC-AvgCF - Mid,thermal,875147.7371,Yes,0.003,0.035,55.0,,,,CC
2969,,,61277,,1,,Combined Cycle,,,,,,,,400.0,6363.0,2035.0,2090.0,,,,,,,,,,,,,,,,,,,,,,,,,,,,,,,,,Natural Gas,,,,,,,,,,,,3.6509190329230177,119.0,,,,,,,,,OR,,,4,127.2,40835.92707870164,160.0,0.0,24455.34,1.558692,24.78948980648916,1,0.0,1,1,2035,False,,,61277+1,atb,Gas-CC-AvgCF - Mid,thermal,875147.7371,Yes,0.003,0.035,55.0,,,,CC
2970,,,61278,,1,,Combined Cycle,,,,,,,,400.0,6363.0,2035.0,2090.0,,,,,,,,,,,,,,,,,,,,,,,,,,,,,,,,,Natural Gas,,,,,,,,,,,,3.6509190329230177,119.0,,,,,,,,,OR,,,4,127.2,40835.92707870164,160.0,0.0,24455.34,1.558692,24.78948980648916,1,0.0,1,1,2035,False,,,61278+1,atb,Gas-CC-AvgCF - Mid,thermal,875147.7371,Yes,0.003,0.035,55.0,,,,CC
2971,,,61279,,1,,Combined Cycle,,,,,,,,400.0,6363.0,2035.0,2090.0,,,,,,,,,,,,,,,,,,,,,,,,,,,,,,,,,Natural Gas,,,,,,,,,,,,3.6509190329230177,119.0,,,,,,,,,OR,,,4,127.2,40835.92707870164,160.0,0.0,24455.34,1.558692,24.78948980648916,1,0.0,1,1,2035,False,,,61279+1,atb,Gas-CC-AvgCF - Mid,thermal,875147.7371,Yes,0.003,0.035,55.0,,,,CC
2972,,,61280,,1,,Combined Cycle,,,,,,,,400.0,6363.0,2035.0,2090.0,,,,,,,,,,,,,,,,,,,,,,,,,,,,,,,,,Natural Gas,,,,,,,,,,,,3.6509190329230177,119.0,,,,,,,,,OR,,,4,127.2,40835.92707870164,160.0,0.0,24455.34,1.558692,24.78948980648916,1,0.0,1,1,2035,False,,,61280+1,atb,Gas-CC-AvgCF - Mid,thermal,875147.7371,Yes,0.003,0.035,55.0,,,,CC
2973,,,61281,,1,,Combined Cycle,,,,,,,,400.0,6363.0,2035.0,2090.0,,,,,,,,,,,,,,,,,,,,,,,,,,,,,,,,,Natural Gas,,,,,,,,,,,,3.6509190329230177,119.0,,,,,,,,,OR,,,4,127.2,40835.92707870164,160.0,0.0,24455.34,1.558692,24.78948980648916,1,0.0,1,1,2035,False,,,61281+1,atb,Gas-CC-AvgCF - Mid,thermal,875147.7371,Yes,0.003,0.035,55.0,,,,CC
2974,,,61282,,1,,Combined Cycle,,,,,,,,400.0,6363.0,2035.0,2090.0,,,,,,,,,,,,,,,,,,,,,,,,,,,,,,,,,Natural Gas,,,,,,,,,,,,3.6509190329230177,119.0,,,,,,,,,OR,,,4,127.2,40835.92707870164,160.0,0.0,24455.34,1.558692,24.78948980648916,1,0.0,1,1,2035,False,,,61282+1,atb,Gas-CC-AvgCF - Mid,thermal,875147.7371,Yes,0.003,0.035,55.0,,,,CC
2975,,,61283,,1,,Combined Cycle,,,,,,,,400.0,6363.0,2035.0,2090.0,,,,,,,,,,,,,,,,,,,,,,,,,,,,,,,,,Natural Gas,,,,,,,,,,,,3.6509190329230177,119.0,,,,,,,,,OR,,,4,127.2,40835.92707870164,160.0,0.0,24455.34,1.558692,24.78948980648916,1,0.0,1,1,2035,False,,,61283+1,atb,Gas-CC-AvgCF - Mid,thermal,875147.7371,Yes,0.003,0.035,55.0,,,,CC
2976,,,61284,,1,,Combined Cycle,,,,,,,,101.11968957266555,6363.0,2035.0,2090.0,,,,,,,,,,,,,,,,,,,,,,,,,,,,,,,,,Natural Gas,,,,,,,,,,,,3.6509190329230177,119.0,,,,,,,,,OR,,,4,127.2,40835.92707870164,160.0,0.0,24455.34,1.558692,24.78948980648916,1,0.0,1,1,2035,False,,,61284+1,atb,Gas-CC-AvgCF - Mid,thermal,875147.7371,Yes,0.003,0.035,55.0,,,,CC
2977,,,61285,,1,,Combined Cycle,,,,,,,,400.0,6363.0,2035.0,2090.0,,,,,,,,,,,,,,,,,,,,,,,,,,,,,,,,,Natural Gas,,,,,,,,,,,,3.6509190329230177,119.0,,,,,,,,,CA,,,4,127.2,40835.92707870164,160.0,0.0,24455.34,1.558692,24.78948980648916,1,0.0,1,1,2035,False,,,61285+1,atb,Gas-CC-AvgCF - Mid,thermal,875147.7371,Yes,0.003,0.035,55.0,,,,CC
2978,,,61286,,1,,Combined Cycle,,,,,,,,400.0,6363.0,2035.0,2090.0,,,,,,,,,,,,,,,,,,,,,,,,,,,,,,,,,Natural Gas,,,,,,,,,,,,3.6509190329230177,119.0,,,,,,,,,CA,,,4,127.2,40835.92707870164,160.0,0.0,24455.34,1.558692,24.78948980648916,1,0.0,1,1,2035,False,,,61286+1,atb,Gas-CC-AvgCF - Mid,thermal,875147.7371,Yes,0.003,0.035,55.0,,,,CC
2979,,,61287,,1,,Combined Cycle,,,,,,,,400.0,6363.0,2035.0,2090.0,,,,,,,,,,,,,,,,,,,,,,,,,,,,,,,,,Natural Gas,,,,,,,,,,,,3.6509190329230177,119.0,,,,,,,,,CA,,,4,127.2,40835.92707870164,160.0,0.0,24455.34,1.558692,24.78948980648916,1,0.0,1,1,2035,False,,,61287+1,atb,Gas-CC-AvgCF - Mid,thermal,875147.7371,Yes,0.003,0.035,55.0,,,,CC
2980,,,61288,,1,,Combined Cycle,,,,,,,,400.0,6363.0,2035.0,2090.0,,,,,,,,,,,,,,,,,,,,,,,,,,,,,,,,,Natural Gas,,,,,,,,,,,,3.6509190329230177,119.0,,,,,,,,,CA,,,4,127.2,40835.92707870164,160.0,0.0,24455.34,1.558692,24.78948980648916,1,0.0,1,1,2035,False,,,61288+1,atb,Gas-CC-AvgCF - Mid,thermal,875147.7371,Yes,0.003,0.035,55.0,,,,CC
2981,,,61289,,1,,Combined Cycle,,,,,,,,400.0,6363.0,2035.0,2090.0,,,,,,,,,,,,,,,,,,,,,,,,,,,,,,,,,Natural Gas,,,,,,,,,,,,3.6509190329230177,119.0,,,,,,,,,CA,,,4,127.2,40835.92707870164,160.0,0.0,24455.34,1.558692,24.78948980648916,1,0.0,1,1,2035,False,,,61289+1,atb,Gas-CC-AvgCF - Mid,thermal,875147.7371,Yes,0.003,0.035,55.0,,,,CC
2982,,,61290,,1,,Combined Cycle,,,,,,,,400.0,6363.0,2035.0,2090.0,,,,,,,,,,,,,,,,,,,,,,,,,,,,,,,,,Natural Gas,,,,,,,,,,,,3.6509190329230177,119.0,,,,,,,,,CA,,,4,127.2,40835.92707870164,160.0,0.0,24455.34,1.558692,24.78948980648916,1,0.0,1,1,2035,False,,,61290+1,atb,Gas-CC-AvgCF - Mid,thermal,875147.7371,Yes,0.003,0.035,55.0,,,,CC
2983,,,61291,,1,,Combined Cycle,,,,,,,,400.0,6363.0,2035.0,2090.0,,,,,,,,,,,,,,,,,,,,,,,,,,,,,,,,,Natural Gas,,,,,,,,,,,,3.6509190329230177,119.0,,,,,,,,,CA,,,4,127.2,40835.92707870164,160.0,0.0,24455.34,1.558692,24.78948980648916,1,0.0,1,1,2035,False,,,61291+1,atb,Gas-CC-AvgCF - Mid,thermal,875147.7371,Yes,0.003,0.035,55.0,,,,CC
2984,,,61292,,1,,Combined Cycle,,,,,,,,400.0,6363.0,2035.0,2090.0,,,,,,,,,,,,,,,,,,,,,,,,,,,,,,,,,Natural Gas,,,,,,,,,,,,3.6509190329230177,119.0,,,,,,,,,CA,,,4,127.2,40835.92707870164,160.0,0.0,24455.34,1.558692,24.78948980648916,1,0.0,1,1,2035,False,,,61292+1,atb,Gas-CC-AvgCF - Mid,thermal,875147.7371,Yes,0.003,0.035,55.0,,,,CC
2985,,,61293,,1,,Combined Cycle,,,,,,,,400.0,6363.0,2035.0,2090.0,,,,,,,,,,,,,,,,,,,,,,,,,,,,,,,,,Natural Gas,,,,,,,,,,,,3.6509190329230177,119.0,,,,,,,,,CA,,,4,127.2,40835.92707870164,160.0,0.0,24455.34,1.558692,24.78948980648916,1,0.0,1,1,2035,False,,,61293+1,atb,Gas-CC-AvgCF - Mid,thermal,875147.7371,Yes,0.003,0.035,55.0,,,,CC
2986,,,61294,,1,,Combined Cycle,,,,,,,,400.0,6363.0,2035.0,2090.0,,,,,,,,,,,,,,,,,,,,,,,,,,,,,,,,,Natural Gas,,,,,,,,,,,,3.6509190329230177,119.0,,,,,,,,,CA,,,4,127.2,40835.92707870164,160.0,0.0,24455.34,1.558692,24.78948980648916,1,0.0,1,1,2035,False,,,61294+1,atb,Gas-CC-AvgCF - Mid,thermal,875147.7371,Yes,0.003,0.035,55.0,,,,CC
2987,,,61295,,1,,Combined Cycle,,,,,,,,400.0,6363.0,2035.0,2090.0,,,,,,,,,,,,,,,,,,,,,,,,,,,,,,,,,Natural Gas,,,,,,,,,,,,3.6509190329230177,119.0,,,,,,,,,CA,,,4,127.2,40835.92707870164,160.0,0.0,24455.34,1.558692,24.78948980648916,1,0.0,1,1,2035,False,,,61295+1,atb,Gas-CC-AvgCF - Mid,thermal,875147.7371,Yes,0.003,0.035,55.0,,,,CC
2988,,,61296,,1,,Combined Cycle,,,,,,,,400.0,6363.0,2035.0,2090.0,,,,,,,,,,,,,,,,,,,,,,,,,,,,,,,,,Natural Gas,,,,,,,,,,,,3.6509190329230177,119.0,,,,,,,,,CA,,,4,127.2,40835.92707870164,160.0,0.0,24455.34,1.558692,24.78948980648916,1,0.0,1,1,2035,False,,,61296+1,atb,Gas-CC-AvgCF - Mid,thermal,875147.7371,Yes,0.003,0.035,55.0,,,,CC
2989,,,61297,,1,,Combined Cycle,,,,,,,,400.0,6363.0,2035.0,2090.0,,,,,,,,,,,,,,,,,,,,,,,,,,,,,,,,,Natural Gas,,,,,,,,,,,,3.6509190329230177,119.0,,,,,,,,,CA,,,4,127.2,40835.92707870164,160.0,0.0,24455.34,1.558692,24.78948980648916,1,0.0,1,1,2035,False,,,61297+1,atb,Gas-CC-AvgCF - Mid,thermal,875147.7371,Yes,0.003,0.035,55.0,,,,CC
2990,,,61298,,1,,Combined Cycle,,,,,,,,400.0,6363.0,2035.0,2090.0,,,,,,,,,,,,,,,,,,,,,,,,,,,,,,,,,Natural Gas,,,,,,,,,,,,3.6509190329230177,119.0,,,,,,,,,CA,,,4,127.2,40835.92707870164,160.0,0.0,24455.34,1.558692,24.78948980648916,1,0.0,1,1,2035,False,,,61298+1,atb,Gas-CC-AvgCF - Mid,thermal,875147.7371,Yes,0.003,0.035,55.0,,,,CC
2991,,,61299,,1,,Combined Cycle,,,,,,,,400.0,6363.0,2035.0,2090.0,,,,,,,,,,,,,,,,,,,,,,,,,,,,,,,,,Natural Gas,,,,,,,,,,,,3.6509190329230177,119.0,,,,,,,,,CA,,,4,127.2,40835.92707870164,160.0,0.0,24455.34,1.558692,24.78948980648916,1,0.0,1,1,2035,False,,,61299+1,atb,Gas-CC-AvgCF - Mid,thermal,875147.7371,Yes,0.003,0.035,55.0,,,,CC
2992,,,61300,,1,,Combined Cycle,,,,,,,,400.0,6363.0,2035.0,2090.0,,,,,,,,,,,,,,,,,,,,,,,,,,,,,,,,,Natural Gas,,,,,,,,,,,,3.6509190329230177,119.0,,,,,,,,,CA,,,4,127.2,40835.92707870164,160.0,0.0,24455.34,1.558692,24.78948980648916,1,0.0,1,1,2035,False,,,61300+1,atb,Gas-CC-AvgCF - Mid,thermal,875147.7371,Yes,0.003,0.035,55.0,,,,CC
2993,,,61301,,1,,Combined Cycle,,,,,,,,400.0,6363.0,2035.0,2090.0,,,,,,,,,,,,,,,,,,,,,,,,,,,,,,,,,Natural Gas,,,,,,,,,,,,3.6509190329230177,119.0,,,,,,,,,CA,,,4,127.2,40835.92707870164,160.0,0.0,24455.34,1.558692,24.78948980648916,1,0.0,1,1,2035,False,,,61301+1,atb,Gas-CC-AvgCF - Mid,thermal,875147.7371,Yes,0.003,0.035,55.0,,,,CC
2994,,,61302,,1,,Combined Cycle,,,,,,,,400.0,6363.0,2035.0,2090.0,,,,,,,,,,,,,,,,,,,,,,,,,,,,,,,,,Natural Gas,,,,,,,,,,,,3.6509190329230177,119.0,,,,,,,,,CA,,,4,127.2,40835.92707870164,160.0,0.0,24455.34,1.558692,24.78948980648916,1,0.0,1,1,2035,False,,,61302+1,atb,Gas-CC-AvgCF - Mid,thermal,875147.7371,Yes,0.003,0.035,55.0,,,,CC
2995,,,61303,,1,,Combined Cycle,,,,,,,,400.0,6363.0,2035.0,2090.0,,,,,,,,,,,,,,,,,,,,,,,,,,,,,,,,,Natural Gas,,,,,,,,,,,,3.6509190329230177,119.0,,,,,,,,,CA,,,4,127.2,40835.92707870164,160.0,0.0,24455.34,1.558692,24.78948980648916,1,0.0,1,1,2035,False,,,61303+1,atb,Gas-CC-AvgCF - Mid,thermal,875147.7371,Yes,0.003,0.035,55.0,,,,CC
2996,,,61304,,1,,Combined Cycle,,,,,,,,400.0,6363.0,2035.0,2090.0,,,,,,,,,,,,,,,,,,,,,,,,,,,,,,,,,Natural Gas,,,,,,,,,,,,3.6509190329230177,119.0,,,,,,,,,CA,,,4,127.2,40835.92707870164,160.0,0.0,24455.34,1.558692,24.78948980648916,1,0.0,1,1,2035,False,,,61304+1,atb,Gas-CC-AvgCF - Mid,thermal,875147.7371,Yes,0.003,0.035,55.0,,,,CC
2997,,,61305,,1,,Combined Cycle,,,,,,,,400.0,6363.0,2035.0,2090.0,,,,,,,,,,,,,,,,,,,,,,,,,,,,,,,,,Natural Gas,,,,,,,,,,,,3.6509190329230177,119.0,,,,,,,,,CA,,,4,127.2,40835.92707870164,160.0,0.0,24455.34,1.558692,24.78948980648916,1,0.0,1,1,2035,False,,,61305+1,atb,Gas-CC-AvgCF - Mid,thermal,875147.7371,Yes,0.003,0.035,55.0,,,,CC
2998,,,61306,,1,,Combined Cycle,,,,,,,,400.0,6363.0,2035.0,2090.0,,,,,,,,,,,,,,,,,,,,,,,,,,,,,,,,,Natural Gas,,,,,,,,,,,,3.6509190329230177,119.0,,,,,,,,,CA,,,4,127.2,40835.92707870164,160.0,0.0,24455.34,1.558692,24.78948980648916,1,0.0,1,1,2035,False,,,61306+1,atb,Gas-CC-AvgCF - Mid,thermal,875147.7371,Yes,0.003,0.035,55.0,,,,CC
2999,,,61307,,1,,Combined Cycle,,,,,,,,400.0,6363.0,2035.0,2090.0,,,,,,,,,,,,,,,,,,,,,,,,,,,,,,,,,Natural Gas,,,,,,,,,,,,3.6509190329230177,119.0,,,,,,,,,CA,,,4,127.2,40835.92707870164,160.0,0.0,24455.34,1.558692,24.78948980648916,1,0.0,1,1,2035,False,,,61307+1,atb,Gas-CC-AvgCF - Mid,thermal,875147.7371,Yes,0.003,0.035,55.0,,,,CC
3000,,,61308,,1,,Combined Cycle,,,,,,,,400.0,6363.0,2035.0,2090.0,,,,,,,,,,,,,,,,,,,,,,,,,,,,,,,,,Natural Gas,,,,,,,,,,,,3.6509190329230177,119.0,,,,,,,,,CA,,,4,127.2,40835.92707870164,160.0,0.0,24455.34,1.558692,24.78948980648916,1,0.0,1,1,2035,False,,,61308+1,atb,Gas-CC-AvgCF - Mid,thermal,875147.7371,Yes,0.003,0.035,55.0,,,,CC
3001,,,61309,,1,,Combined Cycle,,,,,,,,400.0,6363.0,2035.0,2090.0,,,,,,,,,,,,,,,,,,,,,,,,,,,,,,,,,Natural Gas,,,,,,,,,,,,3.6509190329230177,119.0,,,,,,,,,CA,,,4,127.2,40835.92707870164,160.0,0.0,24455.34,1.558692,24.78948980648916,1,0.0,1,1,2035,False,,,61309+1,atb,Gas-CC-AvgCF - Mid,thermal,875147.7371,Yes,0.003,0.035,55.0,,,,CC
3002,,,61310,,1,,Combined Cycle,,,,,,,,400.0,6363.0,2035.0,2090.0,,,,,,,,,,,,,,,,,,,,,,,,,,,,,,,,,Natural Gas,,,,,,,,,,,,3.6509190329230177,119.0,,,,,,,,,CA,,,4,127.2,40835.92707870164,160.0,0.0,24455.34,1.558692,24.78948980648916,1,0.0,1,1,2035,False,,,61310+1,atb,Gas-CC-AvgCF - Mid,thermal,875147.7371,Yes,0.003,0.035,55.0,,,,CC
3003,,,61311,,1,,Combined Cycle,,,,,,,,400.0,6363.0,2035.0,2090.0,,,,,,,,,,,,,,,,,,,,,,,,,,,,,,,,,Natural Gas,,,,,,,,,,,,3.6509190329230177,119.0,,,,,,,,,CA,,,4,127.2,40835.92707870164,160.0,0.0,24455.34,1.558692,24.78948980648916,1,0.0,1,1,2035,False,,,61311+1,atb,Gas-CC-AvgCF - Mid,thermal,875147.7371,Yes,0.003,0.035,55.0,,,,CC
3004,,,61312,,1,,Combined Cycle,,,,,,,,400.0,6363.0,2035.0,2090.0,,,,,,,,,,,,,,,,,,,,,,,,,,,,,,,,,Natural Gas,,,,,,,,,,,,3.6509190329230177,119.0,,,,,,,,,CA,,,4,127.2,40835.92707870164,160.0,0.0,24455.34,1.558692,24.78948980648916,1,0.0,1,1,2035,False,,,61312+1,atb,Gas-CC-AvgCF - Mid,thermal,875147.7371,Yes,0.003,0.035,55.0,,,,CC
3005,,,61313,,1,,Combined Cycle,,,,,,,,400.0,6363.0,2035.0,2090.0,,,,,,,,,,,,,,,,,,,,,,,,,,,,,,,,,Natural Gas,,,,,,,,,,,,3.6509190329230177,119.0,,,,,,,,,CA,,,4,127.2,40835.92707870164,160.0,0.0,24455.34,1.558692,24.78948980648916,1,0.0,1,1,2035,False,,,61313+1,atb,Gas-CC-AvgCF - Mid,thermal,875147.7371,Yes,0.003,0.035,55.0,,,,CC
3006,,,61314,,1,,Combined Cycle,,,,,,,,229.04835489940183,6363.0,2035.0,2090.0,,,,,,,,,,,,,,,,,,,,,,,,,,,,,,,,,Natural Gas,,,,,,,,,,,,3.6509190329230177,119.0,,,,,,,,,CA,,,4,127.2,40835.92707870164,160.0,0.0,24455.34,1.558692,24.78948980648916,1,0.0,1,1,2035,False,,,61314+1,atb,Gas-CC-AvgCF - Mid,thermal,875147.7371,Yes,0.003,0.035,55.0,,,,CC
3007,,,61315,,1,,Combined Cycle,,,,,,,,400.0,6363.0,2035.0,2090.0,,,,,,,,,,,,,,,,,,,,,,,,,,,,,,,,,Natural Gas,,,,,,,,,,,,3.6509190329230177,119.0,,,,,,,,,NV,,,4,127.2,40835.92707870164,160.0,0.0,24455.34,1.558692,24.78948980648916,1,0.0,1,1,2035,False,,,61315+1,atb,Gas-CC-AvgCF - Mid,thermal,875147.7371,Yes,0.003,0.035,55.0,,,,CC
3008,,,61316,,1,,Combined Cycle,,,,,,,,400.0,6363.0,2035.0,2090.0,,,,,,,,,,,,,,,,,,,,,,,,,,,,,,,,,Natural Gas,,,,,,,,,,,,3.6509190329230177,119.0,,,,,,,,,NV,,,4,127.2,40835.92707870164,160.0,0.0,24455.34,1.558692,24.78948980648916,1,0.0,1,1,2035,False,,,61316+1,atb,Gas-CC-AvgCF - Mid,thermal,875147.7371,Yes,0.003,0.035,55.0,,,,CC
3009,,,61317,,1,,Combined Cycle,,,,,,,,400.0,6363.0,2035.0,2090.0,,,,,,,,,,,,,,,,,,,,,,,,,,,,,,,,,Natural Gas,,,,,,,,,,,,3.6509190329230177,119.0,,,,,,,,,NV,,,4,127.2,40835.92707870164,160.0,0.0,24455.34,1.558692,24.78948980648916,1,0.0,1,1,2035,False,,,61317+1,atb,Gas-CC-AvgCF - Mid,thermal,875147.7371,Yes,0.003,0.035,55.0,,,,CC
3010,,,61318,,1,,Combined Cycle,,,,,,,,400.0,6363.0,2035.0,2090.0,,,,,,,,,,,,,,,,,,,,,,,,,,,,,,,,,Natural Gas,,,,,,,,,,,,3.6509190329230177,119.0,,,,,,,,,NV,,,4,127.2,40835.92707870164,160.0,0.0,24455.34,1.558692,24.78948980648916,1,0.0,1,1,2035,False,,,61318+1,atb,Gas-CC-AvgCF - Mid,thermal,875147.7371,Yes,0.003,0.035,55.0,,,,CC
3011,,,61319,,1,,Combined Cycle,,,,,,,,400.0,6363.0,2035.0,2090.0,,,,,,,,,,,,,,,,,,,,,,,,,,,,,,,,,Natural Gas,,,,,,,,,,,,3.6509190329230177,119.0,,,,,,,,,NV,,,4,127.2,40835.92707870164,160.0,0.0,24455.34,1.558692,24.78948980648916,1,0.0,1,1,2035,False,,,61319+1,atb,Gas-CC-AvgCF - Mid,thermal,875147.7371,Yes,0.003,0.035,55.0,,,,CC
3012,,,61320,,1,,Combined Cycle,,,,,,,,400.0,6363.0,2035.0,2090.0,,,,,,,,,,,,,,,,,,,,,,,,,,,,,,,,,Natural Gas,,,,,,,,,,,,3.6509190329230177,119.0,,,,,,,,,NV,,,4,127.2,40835.92707870164,160.0,0.0,24455.34,1.558692,24.78948980648916,1,0.0,1,1,2035,False,,,61320+1,atb,Gas-CC-AvgCF - Mid,thermal,875147.7371,Yes,0.003,0.035,55.0,,,,CC
3013,,,61321,,1,,Combined Cycle,,,,,,,,400.0,6363.0,2035.0,2090.0,,,,,,,,,,,,,,,,,,,,,,,,,,,,,,,,,Natural Gas,,,,,,,,,,,,3.6509190329230177,119.0,,,,,,,,,NV,,,4,127.2,40835.92707870164,160.0,0.0,24455.34,1.558692,24.78948980648916,1,0.0,1,1,2035,False,,,61321+1,atb,Gas-CC-AvgCF - Mid,thermal,875147.7371,Yes,0.003,0.035,55.0,,,,CC
3014,,,61322,,1,,Combined Cycle,,,,,,,,400.0,6363.0,2035.0,2090.0,,,,,,,,,,,,,,,,,,,,,,,,,,,,,,,,,Natural Gas,,,,,,,,,,,,3.6509190329230177,119.0,,,,,,,,,NV,,,4,127.2,40835.92707870164,160.0,0.0,24455.34,1.558692,24.78948980648916,1,0.0,1,1,2035,False,,,61322+1,atb,Gas-CC-AvgCF - Mid,thermal,875147.7371,Yes,0.003,0.035,55.0,,,,CC
3015,,,61323,,1,,Combined Cycle,,,,,,,,400.0,6363.0,2035.0,2090.0,,,,,,,,,,,,,,,,,,,,,,,,,,,,,,,,,Natural Gas,,,,,,,,,,,,3.6509190329230177,119.0,,,,,,,,,NV,,,4,127.2,40835.92707870164,160.0,0.0,24455.34,1.558692,24.78948980648916,1,0.0,1,1,2035,False,,,61323+1,atb,Gas-CC-AvgCF - Mid,thermal,875147.7371,Yes,0.003,0.035,55.0,,,,CC
3016,,,61324,,1,,Combined Cycle,,,,,,,,400.0,6363.0,2035.0,2090.0,,,,,,,,,,,,,,,,,,,,,,,,,,,,,,,,,Natural Gas,,,,,,,,,,,,3.6509190329230177,119.0,,,,,,,,,NV,,,4,127.2,40835.92707870164,160.0,0.0,24455.34,1.558692,24.78948980648916,1,0.0,1,1,2035,False,,,61324+1,atb,Gas-CC-AvgCF - Mid,thermal,875147.7371,Yes,0.003,0.035,55.0,,,,CC
3017,,,61325,,1,,Combined Cycle,,,,,,,,54.20603179586436,6363.0,2035.0,2090.0,,,,,,,,,,,,,,,,,,,,,,,,,,,,,,,,,Natural Gas,,,,,,,,,,,,3.6509190329230177,119.0,,,,,,,,,NV,,,4,127.2,40835.92707870164,160.0,0.0,24455.34,1.558692,24.78948980648916,1,0.0,1,1,2035,False,,,61325+1,atb,Gas-CC-AvgCF - Mid,thermal,875147.7371,Yes,0.003,0.035,55.0,,,,CC
3018,,,61326,,1,,SMR,,,,,,,,9170.0,1.0,2035.0,2060.0,,,,,,,,,,,,,,,,,,,,,,,,,,,,,,,,,Natural Gas,,,,,,,,,,,,3.6509190329230177,20000.0,,,,,,,,,WY,,,0,9170.0,0.0,3668.0,0.0,0.0,0.0,0.0036509190329230175,0,0.0,1,1,2035,False,,,61326+1,SMR,,h2,33800000.0,Yes,0.0,0.0,25.0,,,,SMR
3019,,,61327,,1,,SMR,,,,,,,,9170.0,1.0,2035.0,2060.0,,,,,,,,,,,,,,,,,,,,,,,,,,,,,,,,,Natural Gas,,,,,,,,,,,,3.6509190329230177,20000.0,,,,,,,,,WY,,,0,9170.0,0.0,3668.0,0.0,0.0,0.0,0.0036509190329230175,0,0.0,1,1,2035,False,,,61327+1,SMR,,h2,33800000.0,Yes,0.0,0.0,25.0,,,,SMR
3020,,,61328,,1,,SMR,,,,,,,,9170.0,1.0,2035.0,2060.0,,,,,,,,,,,,,,,,,,,,,,,,,,,,,,,,,Natural Gas,,,,,,,,,,,,3.6509190329230177,20000.0,,,,,,,,,WY,,,0,9170.0,0.0,3668.0,0.0,0.0,0.0,0.0036509190329230175,0,0.0,1,1,2035,False,,,61328+1,SMR,,h2,33800000.0,Yes,0.0,0.0,25.0,,,,SMR
3021,,,61329,,1,,SMR,,,,,,,,9170.0,1.0,2035.0,2060.0,,,,,,,,,,,,,,,,,,,,,,,,,,,,,,,,,Natural Gas,,,,,,,,,,,,3.6509190329230177,20000.0,,,,,,,,,WY,,,0,9170.0,0.0,3668.0,0.0,0.0,0.0,0.0036509190329230175,0,0.0,1,1,2035,False,,,61329+1,SMR,,h2,33800000.0,Yes,0.0,0.0,25.0,,,,SMR
3022,,,61330,,1,,SMR,,,,,,,,9170.0,1.0,2035.0,2060.0,,,,,,,,,,,,,,,,,,,,,,,,,,,,,,,,,Natural Gas,,,,,,,,,,,,3.6509190329230177,20000.0,,,,,,,,,WY,,,0,9170.0,0.0,3668.0,0.0,0.0,0.0,0.0036509190329230175,0,0.0,1,1,2035,False,,,61330+1,SMR,,h2,33800000.0,Yes,0.0,0.0,25.0,,,,SMR
3023,,,61331,,1,,SMR,,,,,,,,9170.0,1.0,2035.0,2060.0,,,,,,,,,,,,,,,,,,,,,,,,,,,,,,,,,Natural Gas,,,,,,,,,,,,3.6509190329230177,20000.0,,,,,,,,,WY,,,0,9170.0,0.0,3668.0,0.0,0.0,0.0,0.0036509190329230175,0,0.0,1,1,2035,False,,,61331+1,SMR,,h2,33800000.0,Yes,0.0,0.0,25.0,,,,SMR
3024,,,61332,,1,,SMR,,,,,,,,9170.0,1.0,2035.0,2060.0,,,,,,,,,,,,,,,,,,,,,,,,,,,,,,,,,Natural Gas,,,,,,,,,,,,3.6509190329230177,20000.0,,,,,,,,,WY,,,0,9170.0,0.0,3668.0,0.0,0.0,0.0,0.0036509190329230175,0,0.0,1,1,2035,False,,,61332+1,SMR,,h2,33800000.0,Yes,0.0,0.0,25.0,,,,SMR
3025,,,61333,,1,,SMR,,,,,,,,9170.0,1.0,2035.0,2060.0,,,,,,,,,,,,,,,,,,,,,,,,,,,,,,,,,Natural Gas,,,,,,,,,,,,3.6509190329230177,20000.0,,,,,,,,,WY,,,0,9170.0,0.0,3668.0,0.0,0.0,0.0,0.0036509190329230175,0,0.0,1,1,2035,False,,,61333+1,SMR,,h2,33800000.0,Yes,0.0,0.0,25.0,,,,SMR
3026,,,61334,,1,,SMR,,,,,,,,9170.0,1.0,2035.0,2060.0,,,,,,,,,,,,,,,,,,,,,,,,,,,,,,,,,Natural Gas,,,,,,,,,,,,3.6509190329230177,20000.0,,,,,,,,,WY,,,0,9170.0,0.0,3668.0,0.0,0.0,0.0,0.0036509190329230175,0,0.0,1,1,2035,False,,,61334+1,SMR,,h2,33800000.0,Yes,0.0,0.0,25.0,,,,SMR
3027,,,61335,,1,,SMR,,,,,,,,9170.0,1.0,2035.0,2060.0,,,,,,,,,,,,,,,,,,,,,,,,,,,,,,,,,Natural Gas,,,,,,,,,,,,3.6509190329230177,20000.0,,,,,,,,,WY,,,0,9170.0,0.0,3668.0,0.0,0.0,0.0,0.0036509190329230175,0,0.0,1,1,2035,False,,,61335+1,SMR,,h2,33800000.0,Yes,0.0,0.0,25.0,,,,SMR
3028,,,61336,,1,,SMR,,,,,,,,9170.0,1.0,2035.0,2060.0,,,,,,,,,,,,,,,,,,,,,,,,,,,,,,,,,Natural Gas,,,,,,,,,,,,3.6509190329230177,20000.0,,,,,,,,,WY,,,0,9170.0,0.0,3668.0,0.0,0.0,0.0,0.0036509190329230175,0,0.0,1,1,2035,False,,,61336+1,SMR,,h2,33800000.0,Yes,0.0,0.0,25.0,,,,SMR
3029,,,61337,,1,,SMR,,,,,,,,4468.674917839492,1.0,2035.0,2060.0,,,,,,,,,,,,,,,,,,,,,,,,,,,,,,,,,Natural Gas,,,,,,,,,,,,3.6509190329230177,20000.0,,,,,,,,,WY,,,0,9170.0,0.0,3668.0,0.0,0.0,0.0,0.0036509190329230175,0,0.0,1,1,2035,False,,,61337+1,SMR,,h2,33800000.0,Yes,0.0,0.0,25.0,,,,SMR
3038,,,61346,,1COMBINED,,windlat36.83lon-112.32,,,,,,,,4643.410945203163,0.0,2035.0,2065.0,,,,,,,,,,,,,,,,,,,,,,,,,,,,,,,,,Wind,,36.83,-112.32,,,,,,,,,0.0,0.0,POINT (-112.32 36.83),27.0,28.0,28.0,25.4962710756,19.9625115102,p28,rto3,AZ,,,0,4767.3,51.044908848377055,0.0,0.0,33582.98213,0.0,0.0,0,0.0,0,0,2035,False,,,61346+1,atb,TRG 3 - Mid,renewable,808459.5,Yes,0.0,0.0,30.0,,,,Renewable
3189,,,61497,,1COMBINED,,windlat40.49lon-106.56,,,,,,,,11542.414302662753,0.0,2035.0,2065.0,,,,,,,,,,,,,,,,,,,,,,,,,,,,,,,,,Wind,,40.49,-106.56,,,,,,,,,0.0,0.0,POINT (-106.56 40.49),32.0,33.0,33.0,20.7799157782,13.0007552137,p33,rto5,CO,,,0,12098.1,51.044908848377055,0.0,0.0,33582.98213,0.0,0.0,0,0.0,0,0,2035,False,,,61497+1,atb,TRG 3 - Mid,renewable,808459.5,Yes,0.0,0.0,30.0,,,,Renewable
362,Meadow Creek Project Company,58106_G_MCPC,58106,G,MCPCCOMBINED,,Onshore Wind,,WECC_ID,Idaho,16.0,Bonneville,19.0,16019.0,970.5,0.0,2012.0,9999.0,,,N,Wind,,,,,,,,,,,,,,0.0,0.0,0.0,0.0,,,,,,,,,,,,Wind,58106.0,43.524429,-111.803921,,,,,,,,,0.0,0.0,POINT (-111.803921 43.524429),15.0,16.0,16.0,15.5448138661,6.1602837641,p16,rto1,ID,Wind,,0,970.5,11.822000889284126,0.0,0.0,39550.0,0.0,0.0,0,0.0,0,0,0,False,False,False,58106+MCPC,,,,,,,,,,,,
302,Spring Valley Wind Project,57192_G_WTG,57192,G,WTGCOMBINED,,Onshore Wind,,WECC_NNV,Nevada,32.0,White Pine,33.0,32033.0,150.0,0.0,2012.0,9999.0,,,N,Wind,,,,,,,,,,,,,,0.0,0.0,0.0,0.0,,,,,,,,,,,,Wind,57192.0,39.104167,-114.492222,,,,,,,,,0.0,0.0,POINT (-114.492222 39.104167),11.0,12.0,12.0,21.8974386668,27.8372830306,p12,rto2,NV,Wind,,0,150.0,15.313472654513117,0.0,0.0,39550.0,0.0,0.0,0,0.0,0,0,0,False,False,False,57192+WTG,,,,,,,,,,,,
3171,,,61479,,1COMBINED,,solarlat41.5lon-119.51,,,,,,,,1156.8255522621123,0.0,2035.0,2055.0,,,,,,,,,,,,,,,,,,,,,,,,,,,,,,,,,Solar,,41.5,-119.51,,,,,,,,,0.0,0.0,POINT (-119.51 41.5),11.0,12.0,12.0,21.8974386668,27.8372830306,p12,rto2,NV,,,0,1200.0,10.208981769675411,0.0,0.0,14527.37449,0.0,0.0,0,0.0,0,0,2035,False,,,61479+1,atb,Utility PV - 20% - Mid,renewable,664092.7963,Yes,0.0,0.0,20.0,,,,Renewable
3159,,,61467,,1COMBINED,,windlat34.04lon-120.42,,,,,,,,50849.55309625451,0.0,2035.0,2065.0,,,,,,,,,,,,,,,,,,,,,,,,,,,,,,,,,Wind,,34.04,-120.42,,,,,,,,,0.0,0.0,POINT (-120.42 34.04),8.0,9.0,9.0,45.2932178082,19.6629761024,p9,rto4,CA,,,0,51263.799999999996,51.044908848377055,0.0,0.0,33582.98213,0.0,0.0,0,0.0,0,0,2035,False,,,61467+1,atb,TRG 3 - Mid,renewable,808459.5,Yes,0.0,0.0,30.0,,,,Renewable
3240,,,61548,,1COMBINED,,windlat46.86lon-109.05,,,,,,,,9929.47712418991,0.0,2035.0,2065.0,,,,,,,,,,,,,,,,,,,,,,,,,,,,,,,,,Wind,,46.86,-109.05,,,,,,,,,0.0,0.0,POINT (-109.05 46.86),19.0,20.0,20.0,20.9742682172,7.3768607769,p20,rto2,MT,,,0,10173.5,51.044908848377055,0.0,0.0,33582.98213,0.0,0.0,0,0.0,0,0,2035,False,,,61548+1,atb,TRG 3 - Mid,renewable,808459.5,Yes,0.0,0.0,30.0,,,,Renewable
1746,Latigo Wind Park,59965_G_LTIGO,59965,G,LTIGOCOMBINED,,Onshore Wind,,WECC_UT,Utah,49.0,San Juan,37.0,49037.0,388.2,0.0,2016.0,9999.0,,,N,Wind,,,,,,,,,,,,,,0.0,0.0,0.0,0.0,,,,,,,,,,,,Wind,59965.0,37.886706,-109.36839,,,,,,,,,0.0,0.0,POINT (-109.36839 37.886706),24.0,25.0,25.0,22.1867344858,19.3243237465,p25,rto2,UT,Wind,,0,388.2,6.3397776789684315,0.0,0.0,39550.0,0.0,0.0,0,0.0,0,0,0,False,False,False,59965+LTIGO,,,,,,,,,,,,
2232,Willow Spring Windfarm,59494_G_WSW,59494,G,WSWCOMBINED,,Onshore Wind,,WECC_PNW,Oregon,41.0,Baker,1.0,41001.0,3087.3999999999996,0.0,2017.0,9999.0,,,N,Wind,,,,,,,,,,,,,,0.0,0.0,0.0,0.0,,,,,,,,,,,,Wind,59494.0,44.381944,-117.273056,,,,,,,,,0.0,0.0,POINT (-117.273056 44.381944),6.0,7.0,7.0,17.4183343674,9.06550135354,p7,rto1,OR,Wind,,0,3087.3999999999996,1.0208981769675411,0.0,0.0,39550.0,0.0,0.0,0,0.0,0,0,0,False,False,False,59494+WSW,,,,,,,,,,,,
3068,,,61376,,1COMBINED,,windlat36.83lon-104.05,,,,,,,,15446.201728229076,0.0,2035.0,2065.0,,,,,,,,,,,,,,,,,,,,,,,,,,,,,,,,,Wind,,36.83,-104.05,,,,,,,,,0.0,0.0,POINT (-104.05 36.83),30.0,31.0,31.0,25.2210451457,25.5131162869,p31,rto3,NM,,,0,16220.8,51.044908848377055,0.0,0.0,33582.98213,0.0,0.0,0,0.0,0,0,2035,False,,,61376+1,atb,TRG 3 - Mid,renewable,808459.5,Yes,0.0,0.0,30.0,,,,Renewable
3221,,,61529,,1COMBINED,,windlat44.99lon-104.06,,,,,,,,17310.256882116108,0.0,2035.0,2065.0,,,,,,,,,,,,,,,,,,,,,,,,,,,,,,,,,Wind,,44.99,-104.06,,,,,,,,,0.0,0.0,POINT (-104.06 44.99),22.0,23.0,23.0,6.95146069159,2.93943175995,p23,rto5,WY,,,0,17487.3,51.044908848377055,0.0,0.0,33582.98213,0.0,0.0,0,0.0,0,0,2035,False,,,61529+1,atb,TRG 3 - Mid,renewable,808459.5,Yes,0.0,0.0,30.0,,,,Renewable
2501,Palouse,57530_G_1,57530,G,1COMBINED,,Onshore Wind,,WECC_PNW,Washington,53.0,Whitman,75.0,53075.0,3255.9000000000005,0.0,2012.0,9999.0,,,N,Wind,,,,,,,,,,,,,,0.0,0.0,0.0,0.0,,,,,,,,,,,,Wind,57530.0,47.155833,-117.364444,,,,,,,,,0.0,0.0,POINT (-117.364444 47.155833),2.0,3.0,3.0,15.4719630612,6.55140486056,p3,rto1,WA,Wind,,0,3255.9000000000005,10.750057803468207,0.0,0.0,39550.0,0.0,0.0,0,0.0,0,0,0,False,False,False,57530+1,,,,,,,,,,,,
2143,Hoover Dam (AZ),8902_G_A9,8902,G,A9COMBINED,,Hydro,,WECC_AZ,Arizona,4.0,Mohave,15.0,4015.0,3757.3,0.0,1952.0,9999.0,,,N,Hydro,,,,,,,,,,,,,,0.0,0.0,0.0,0.0,,,,,,,,,,,,Hydro,8902.0,36.01551,-114.738006,,,,,,,,,0.0,0.0,POINT (-114.738006 36.01551),26.0,27.0,27.0,10.6400356998,3.4746690962,p27,rto3,AZ,Hydro,,0,3757.3,6.993152512227656,0.0,0.0,14130.0,0.0,0.0,0,0.0,1,1,0,False,False,False,8902+A9,,,,,,,,,,,,
2715,Towaoc,7373_G_1,7373,G,1COMBINED,,Hydro,,WECC_CO,Colorado,8.0,Montezuma,83.0,8083.0,685.4999999999999,0.0,1993.0,9999.0,,,N,Hydro,,,,,,,,,,,,,,0.0,0.0,0.0,0.0,,,,,,,,,,,,Hydro,7373.0,37.429538,-108.574871,,,,,,,,,0.0,0.0,POINT (-108.574871 37.429538),33.0,34.0,34.0,20.9657436559,15.0386794386,p34,rto5,CO,Hydro,,0,685.4999999999999,1.163823921742997,0.0,0.0,14130.0,0.0,0.0,0,0.0,1,1,0,False,False,False,7373+1,,,,,,,,,,,,
2737,Albeni Falls,851_G_3,851,G,3COMBINED,,Hydro,,WECC_PNW,Idaho,16.0,Bonner,17.0,16017.0,2704.0,0.0,1955.0,9999.0,,,N,Hydro,,,,,,,,,,,,,,0.0,0.0,0.0,0.0,,,,,,,,,,,,Hydro,851.0,48.180245,-116.99859,,,,,,,,,0.0,0.0,POINT (-116.99859 48.180245),13.0,14.0,14.0,9.31401747845,2.38902446325,p14,rto1,ID,Hydro,,0,2704.0,1.4292574477545574,0.0,0.0,14130.0,0.0,0.0,0,0.0,1,1,0,False,False,False,851+3,,,,,,,,,,,,
312,Washoe,6532_G_2,6532,G,2COMBINED,,Hydro,,WECC_NNV,Nevada,32.0,Washoe,31.0,32031.0,12.0,0.0,1904.0,9999.0,,,N,Hydro,,,,,,,,,,,,,,0.0,0.0,0.0,0.0,,,,,,,,,,,,Hydro,6532.0,39.3022,-119.5604,,,,,,,,,0.0,0.0,POINT (-119.5604 39.3022),11.0,12.0,12.0,21.8974386668,27.8372830306,p12,rto2,NV,Hydro,,0,12.0,0.0918808359270787,0.0,0.0,14130.0,0.0,0.0,0,0.0,1,1,0,False,False,False,6532+2,,,,,,,,,,,,
1994,Box Canyon Dam,50179_G_GEN2,50179,G,GEN2COMBINED,,Hydro,,WECC_PNW,California,6.0,Siskiyou,93.0,6093.0,10147.199999999999,0.0,1986.0,9999.0,,,N,Hydro,,,,,,,,,,,,,,0.0,0.0,0.0,0.0,,,,,,,,,,,,Hydro,50179.0,41.2792,-122.3292,,,,,,,,,0.0,0.0,POINT (-122.3292 41.2792),7.0,8.0,8.0,13.4739466138,4.25302986433,p8,rto2,CA,Hydro,,0,10147.199999999999,0.2552245442418853,0.0,0.0,14130.0,0.0,0.0,0,0.0,1,1,0,False,False,False,50179+GEN2,,,,,,,,,,,,
2194,Big Fork,6459_G_3,6459,G,3COMBINED,,Hydro,,WECC_MT,Montana,30.0,Flathead,29.0,30029.0,2556.2000000000003,0.0,1910.0,9999.0,,,N,Hydro,,,,,,,,,,,,,,0.0,0.0,0.0,0.0,,,,,,,,,,,,Hydro,6459.0,48.0592,-114.0708,,,,,,,,,0.0,0.0,POINT (-114.0708 48.0592),16.0,17.0,17.0,25.1067827551,11.3607225115,p17,rto1,MT,Hydro,,0,2556.2000000000003,0.0816718541574033,0.0,0.0,14130.0,0.0,0.0,0,0.0,1,1,0,False,False,False,6459+3,,,,,,,,,,,,
2159,Flaming Gorge,6405_G_3,6405,G,3COMBINED,,Hydro,,WECC_UT,Utah,49.0,Daggett,9.0,49009.0,256.40000000000003,0.0,1964.0,9999.0,,,N,Hydro,,,,,,,,,,,,,,0.0,0.0,0.0,0.0,,,,,,,,,,,,Hydro,6405.0,40.914646,-109.421662,,,,,,,,,0.0,0.0,POINT (-109.421662 40.914646),25.0,26.0,26.0,12.1112897395,3.65056895072,p26,rto2,UT,Hydro,,0,256.40000000000003,5.165744775455758,0.0,0.0,14130.0,0.0,0.0,0,0.0,1,1,0,False,False,False,6405+3,,,,,,,,,,,,
2224,Tunnel 1 Power Project,50362_G_GEN1,50362,G,GEN1COMBINED,,Hydro,,WECC_PNW,Oregon,41.0,Malheur,45.0,41045.0,3519.7,0.0,1993.0,9999.0,,,N,Hydro,,,,,,,,,,,,,,0.0,0.0,0.0,0.0,,,,,,,,,,,,Hydro,50362.0,43.642023,-117.232674,,,,,,,,,0.0,0.0,POINT (-117.232674 43.642023),6.0,7.0,7.0,17.4183343674,9.06550135354,p7,rto1,OR,Hydro,,0,3519.7,0.6840017785682525,0.0,0.0,14130.0,0.0,0.0,0,0.0,1,1,0,False,False,False,50362+GEN1,,,,,,,,,,,,
1983,Abiquiu Dam,7789_G_3,7789,G,3COMBINED,,Hydro,,WECC_NM,New Mexico,35.0,Rio Arriba,39.0,35039.0,82.9,0.0,2011.0,9999.0,,,N,Hydro,,,,,,,,,,,,,,0.0,0.0,0.0,0.0,,,,,,,,,,,,Hydro,7789.0,36.239886,-106.423043,,,,,,,,,0.0,0.0,POINT (-106.423043 36.239886),30.0,31.0,31.0,25.2210451457,25.5131162869,p31,rto3,NM,Hydro,,0,82.9,0.3062694530902624,0.0,0.0,14130.0,0.0,0.0,0,0.0,1,1,0,False,False,False,7789+3,,,,,,,,,,,,
2639,Alcova,6409_G_2,6409,G,2COMBINED,,Hydro,,WECC_WY,Wyoming,56.0,Natrona,25.0,56025.0,305.49999999999994,0.0,1955.0,9999.0,,,N,Hydro,,,,,,,,,,,,,,0.0,0.0,0.0,0.0,,,,,,,,,,,,Hydro,6409.0,42.548412,-106.717536,,,,,,,,,0.0,0.0,POINT (-106.717536 42.548412),23.0,24.0,24.0,12.9113496403,8.91711648995,p24,rto5,WY,Hydro,,0,305.49999999999994,2.1132592263228096,0.0,0.0,14130.0,0.0,0.0,0,0.0,1,1,0,False,False,False,6409+2,,,,,,,,,,,,
2603,Quincy Chute,917_G_1,917,G,1COMBINED,,Hydro,,WECC_PNW,Washington,53.0,Grant,25.0,53025.0,26495.199999999997,0.0,1985.0,9999.0,,,N,Hydro,,,,,,,,,,,,,,0.0,0.0,0.0,0.0,,,,,,,,,,,,Hydro,917.0,46.982514,-119.257764,,,,,,,,,0.0,0.0,POINT (-119.257764 46.982514),3.0,4.0,4.0,5.741687596,1.43242913382,p4,rto1,WA,Hydro,,0,26495.199999999997,0.9596442863494887,0.0,0.0,14130.0,0.0,0.0,0,0.0,1,1,0,False,False,False,917+1,,,,,,,,,,,,
